keys,en,ja
ちょうちん屋,Lantern stall,ちょうちん屋
お面屋,Mask stall,お面屋
わたあめ屋,Cotton candy stall,わたあめ屋
休みの日の休息,Rest on a day off,休みの日の休息
レシートン,Receipton,レシートン
レジの音に寄ってくる。尻尾のレシートは、捨てないでほしいらしい,Drawn to register beeps. Please keep the receipt. It's a tail.,レジの音に寄ってくる。尻尾のレシートは、捨てないでほしいらしい
アワワ,Awawa,アワワ
洗い場の泡から生まれる。割れても平気。割れても,Born of dishwater bubbles. Popping is fine. Totally fine.,洗い場の泡から生まれる。割れても平気。割れても
オボン,Obon,オボン
頭のお盆は絶対に落とさない。中身は気にしない,Never drops the tray on its head. Doesn't care what's on it.,頭のお盆は絶対に落とさない。中身は気にしない
ジュウ,Juu,ジュウ
油の跳ねる音が好き。さわると少しあつい。本人は言わない,Loves sizzling oil. A bit hot to touch. Won't say so.,油の跳ねる音が好き。さわると少しあつい。本人は言わない
ダンボ,Danbo,ダンボ
住居です。資源ごみに出さないでください,This is a home. Please don't recycle it.,住居です。資源ごみに出さないでください
スヤリ,Suyari,スヤリ
チョウチン,Chochin,チョウチン
いつものポイ,Usual scoop,いつものポイ
いつもの,Usual,いつもの
レシートのポイ,Receipt scoop,レシートのポイ
レシート,Receipt,レシート
泡のポイ,Bubble scoop,泡のポイ
泡,Bubble,泡
お盆のポイ,Tray scoop,お盆のポイ
お盆,Tray,お盆
フライパンのポイ,Frying pan scoop,フライパンのポイ
フライパン,Frying pan,フライパン
段ボールのポイ,Cardboard scoop,段ボールのポイ
段ボール,Cardboard,段ボール
きらきらポイ,Sparkle scoop,きらきらポイ
きらきら,Sparkle,きらきら
レジ,Register,レジ
皿洗い,Dishwashing,皿洗い
ホール,Serving,ホール
キッチン,Kitchen,キッチン
品出し,Restocking,品出し
月,Mon,月
火,Tue,火
水,Wed,水
木,Thu,木
金,Fri,金
土,Sat,土
日,Sun,日
パラソル,Parasol,パラソル
カフェのパラソル席,Cafe parasol seating,カフェのパラソル席
レジの仕事から。おばけが紅茶を飲むふりをする,Register work. Obake pretend to sip tea.,レジの仕事から。おばけが紅茶を飲むふりをする
ちょうちん,Lantern,ちょうちん
赤ちょうちん,Red lantern,赤ちょうちん
ホールの仕事から。夜の庭がにぎやかになる,Serving work. Livens up the night garden.,ホールの仕事から。夜の庭がにぎやかになる
たらい,Tub,たらい
泡のたらい,Bubble tub,泡のたらい
皿洗いの仕事から。アワワが泳ぐ,Dishwashing work. Awawa swims here.,皿洗いの仕事から。アワワが泳ぐ
おでん,Oden,おでん
屋台のおでん鍋,Oden stall pot,屋台のおでん鍋
キッチンの仕事から。湯気がのぼる,From kitchen shifts. Steam rises softly.,キッチンの仕事から。湯気がのぼる
秘密基地,Secret base,秘密基地
段ボールの秘密基地,Cardboard hideout,段ボールの秘密基地
品出しの仕事から。ダンボが住みつく,From restocking shifts. Danbo moves in.,品出しの仕事から。ダンボが住みつく
さびしい庭,A lonely garden,さびしい庭
土と、灯っていない灯籠がひとつ,Just soil and one unlit lantern.,土と、灯っていない灯籠がひとつ
芝が生えた,Grass has grown,芝が生えた
足もとがやわらかくなった,Softer underfoot now.,足もとがやわらかくなった
花壇に芽が出た,The flowerbed sprouted,花壇に芽が出た
かかしが見張りに立った。真顔で,A scarecrow stands guard. Deadpan.,かかしが見張りに立った。真顔で
灯籠がともった,The lantern is lit,灯籠がともった
庭がほんのり明るくなった,The garden glows a little.,庭がほんのり明るくなった
花が咲いた,Flowers have bloomed,花が咲いた
リズムが整うと、花がひらく,A steady rhythm opens the flowers.,リズムが整うと、花がひらく
小さな池ができた,A little pond appeared,小さな池ができた
月が映るようになった,Now the moon has a reflection.,月が映るようになった
縁台が置かれた,A bench arrived,縁台が置かれた
おじぞうも来て、並んで座った,A Jizo came and sat alongside.,おじぞうも来て、並んで座った
桜の木が育った,A cherry tree grew,桜の木が育った
いつ見ても、少しだけ咲いている,Always a few blossoms. Always.,いつ見ても、少しだけ咲いている
ほたるが住みついた,Fireflies moved in,ほたるが住みついた
月見台ができた,A moon deck appeared,月見台ができた
カフェ こもれび,Cafe Komorebi,カフェ こもれび
朝,Morning,朝
晴,Clear,晴
さとう,Sato,さとう
りん,Rin,りん
居酒屋 とりまる,Torimaru Izakaya,居酒屋 とりまる
夜,Night,夜
雨,Rain,雨
けん,Ken,けん
ようこ,Yoko,ようこ
みお,Mio,みお
北倉庫,North Warehouse,北倉庫
深夜,Late night,深夜
雷,Thunder,雷
だいち,Daichi,だいち
昼,Day,昼
ベーカリー こむぎ,Komugi Bakery,ベーカリー こむぎ
スーパー まるや,Maruya Market,スーパー まるや
はる,Haru,はる
ゆい,Yui,ゆい
秋,Autumn,秋
冬,Winter,冬
春,Spring,春
夏,Summer,夏
%d週目 %s曜日,Week %d · %s,%d週目 %s曜日
雪,Snow,雪
庭のおてつだい,Garden help,庭のおてつだい
となりの庭,Next-door garden,となりの庭
川べりの番小屋,Riverside watch hut,川べりの番小屋
ぬらりさん,Mr. Nurari,ぬらりさん
こだまくん,Kodama,こだまくん
ろくろさん,Ms. Rokuro,ろくろさん
満月,Full moon,満月
手作り,Handmade,手作り
手作りの「%s」ができた,Your handmade %s is ready.,手作りの「%s」ができた
きらきらポイ ×1（はじめての経験）,Sparkle scoop ×1 (a new experience),きらきらポイ ×1（はじめての経験）
%sから、光る玉をもらった,A glowing orb from %s.,%sから、光る玉をもらった
庭に「%s」が届いた,%s arrived in the garden.,庭に「%s」が届いた
「%s」が少し豪華になった,%s got a little fancier.,「%s」が少し豪華になった
落ち葉のおかんじょう,Ringing up leaves,落ち葉のおかんじょう
縁側へのおぜん運び,Tray runs to the porch,縁側へのおぜん運び
たらいでお皿あらい,Washing dishes in a tub,たらいでお皿あらい
おでんの下ごしらえ,Oden prep,おでんの下ごしらえ
物置の箱の整理,Sorting storage boxes,物置の箱の整理
ばらばら,Scattered,ばらばら
ゆらゆら,Wobbly,ゆらゆら
ととのい,Steady,ととのい
ぐっすり,Sound,ぐっすり
%d時間,%dh,%d時間
%d時間%d分,%dh %dm,%d時間%d分
少し短い,A little short,少し短い
はじめての夜,First night,はじめての夜
夜ふかし,Up late,夜ふかし
雨の夜,A rainy night,雨の夜
玉が重い。でも、ひとつ多い,"Heavier orbs. One extra, though.",玉が重い。でも、ひとつ多い
ほたるの夜,A firefly night,ほたるの夜
虹の玉が出やすい,More chance of rainbow orbs.,虹の玉が出やすい
にぎやかな夜,A lively night,にぎやかな夜
玉がいつもより多い,More orbs than usual.,玉がいつもより多い
日曜は、満月になりそう,Sunday looks like a full moon.,日曜は、満月になりそう
玉を3個すくう,Scoop 3 orbs,玉を3個すくう
庭のおばけに話しかける,Chat with a garden obake,庭のおばけに話しかける
飾りをひとつともす,Light a decoration,飾りをひとつともす
仕事のポイで、同じ色の玉をすくう,Match an orb's color to your work scoop,仕事のポイで、同じ色の玉をすくう
図鑑でヒントを見る,Check a hint in the Book,図鑑でヒントを見る
満月の夜に、灯りを4つともす,Light 4 lights on full-moon night,満月の夜に、灯りを4つともす
花壇,Flowerbed,花壇
灯籠,Stone lantern,灯籠
池,Pond,池
縁台,Bench,縁台
桜,Cherry tree,桜
月見台,Moon deck,月見台
パラソル席,Parasol seating,パラソル席
おでん鍋,Oden pot,おでん鍋
かかし,Scarecrow,かかし
おじぞう,Jizo,おじぞう
ねぶくろ,Bedroll,ねぶくろ
ななし,No Name,ななし
めあて達成　めぐみ +3,Goal met · bloom +3,めあて達成　めぐみ +3
マイおばけ猫 診断,My Obaneko Quiz,マイおばねこ診断
向いてる仕事  ,Best job  ,向いてる仕事  
わたしのマイおばけ猫は,My Obaneko is,わたしのおばねこは
画像をダウンロードしました,Image downloaded.,画像をダウンロードしました
保存できませんでした（%s）,Couldn't save (%s),保存できませんでした（%s）
保存しました：,Saved: ,保存しました：
外へ,Out,外へ
内へ,In,内へ
段取り,Plan,段取り
ひらめき,Spark,ひらめき
人,People,人
モノ,Things,モノ
きっちり,Tidy,きっちり
ゆったり,Easy,ゆったり
休みの日は？,On a day off?,休みの日は？
外へおでかけ,Head out,外へおでかけ
家でまったり,Stay cozy at home,家でまったり
シフトの前に、まず,Before your shift...,シフトの前に、まず
段取りを決める,Make a plan,段取りを決める
現場で考える,Figure it out there,現場で考える
シフトで得意なのは？,Your shift superpower?,シフトで得意なのは？
人と話す,Talking to people,人と話す
黙々と作業,"Quiet, steady work",黙々と作業
ついスマホ,One more scroll,ついスマホ
バイト終わりに誘われた,An invite after work!,バイト終わりに誘われた
行く行く！,Count me in!,行く行く！
今日は帰る,Heading home today,今日は帰る
ピークが来た！,Here comes the rush!,ピークが来た！
手順どおりに回す,Stick to the plan,手順どおりに回す
ひらめきで乗りきる,Improvise my way through,ひらめきで乗りきる
うれしいのは？,What makes you happy?,うれしいのは？
ありがとうの一言,A little thank-you,ありがとうの一言
きれいに並んだ棚,A neatly stocked shelf,きれいに並んだ棚
集合時間には,Meeting time means...,集合時間には
10分前に着く,Ten minutes early,10分前に着く
ちょうどに着く,Right on time,ちょうどに着く
元気が出るのは？,What recharges you?,元気が出るのは？
人と会った日,A day with people,人と会った日
ひとりの時間,Time to myself,ひとりの時間
まかないを作るなら,Making a staff meal?,まかないを作るなら
レシピどおり,Follow the recipe,レシピどおり
冷蔵庫と相談,Ask the fridge,冷蔵庫と相談
困ったときは,When you're stuck...,困ったときは
先輩に聞く,Ask a senior coworker,先輩に聞く
マニュアルを読む,Read the manual,マニュアルを読む
休憩15分の使い方,A 15-minute break?,休憩15分の使い方
時計を見てきっちり,Keep an eye on the clock,時計を見てきっちり
気づけばうとうと,Oops. Dozed off.,気づけばうとうと
ホールの司令塔,The Floor Commander,ホールの司令塔
3卓先のお冷やまで見えている。,Spots an empty glass three tables away.,3卓先のお冷やまで見えている。
常連さんの記憶係,Keeper of the Regulars,常連さんの記憶係
『いつもの』で、全部わかる。,Knows 'the usual' before you say it.,『いつもの』で、全部わかる。
棚の整列隊長,Captain of the Shelves,棚の整列隊長
ラベルは全部、こっち向き。,Every label faces front. Every one.,ラベルは全部、こっち向き。
まかないの達人,The Staff-Meal Master,まかないの達人
余りもので、ごちそうを作る。,Turns leftovers into a feast.,余りもので、ごちそうを作る。
笑顔のレジ番長,Register Sunshine,笑顔のレジ番長
おつりと一緒に、ひと言そえる。,Hands back change with a kind word.,おつりと一緒に、ひと言そえる。
休憩室のムードメーカー,The Break-Room Mood Maker,休憩室のムードメーカー
お菓子を配ると、場がなごむ。,"Shares snacks, lifts the whole room.",お菓子を配ると、場がなごむ。
新メニュー研究員,The New-Menu Researcher,新メニュー研究員
試作は3回まで、と決めている。,Allows exactly three test batches.,試作は3回まで、と決めている。
のんびり発明家,The Easygoing Inventor,のんびり発明家
台車の押し方を、日々改良中。,Still perfecting the art of the cart.,台車の押し方を、日々改良中。
シフト表の守り神,Guardian of the Rota,シフト表の守り神
誰がいつ休みか、だいたい知ってる。,Knows who is off when. Mostly.,誰がいつ休みか、だいたい知ってる。
聞き上手のおばけ,The Good Listener,聞き上手のおばけ
バイト仲間の相談、だいたい受ける。,Everyone's go-to for a quiet chat.,バイト仲間の相談、だいたい受ける。
深夜のひとり職人,The Late-Night Artisan,深夜のひとり職人
皿がひかるまで、黙って洗う。,Scrubs in silence until plates shine.,皿がひかるまで、黙って洗う。
在庫の番人,Keeper of the Stockroom,在庫の番人
箱の中身、開けなくてもわかる。,Knows what is in the box. Unopened.,箱の中身、開けなくてもわかる。
気配り忍者,The Tidy Ninja,気配り忍者
気づいた時には、もう片付いている。,Already cleaned up before you noticed.,気づいた時には、もう片付いている。
そばにいる癒やし係,The Calm Companion,そばにいる癒やし係
となりにいるだけで、落ちつく。,Just being nearby makes it better.,となりにいるだけで、落ちつく。
こだわりの仕込み番,The Prep Perfectionist,こだわりの仕込み番
玉ねぎの薄さに、命をかける。,Slices onions with total devotion.,玉ねぎの薄さに、命をかける。
休憩15分で、しっかり回復。,Fully recharged in a 15-minute break.,休憩15分で、しっかり回復。
"わたしのマイおばけ猫は「%s」！
%s
#PawTime #マイおばけ猫
%s","My Obaneko is %s!
%s
#PawTime #MyObaneko
%s","わたしのおばねこは「%s」！
%s
#PawTime #マイおばねこ
%s"
QuizResult: 保存できない %s (%s),QuizResult: Cannot save %s (%s),QuizResult: 保存できない %s (%s)
QuizResult: 読めない結果を無視した %s,QuizResult: Ignored unreadable result %s,QuizResult: 読めない結果を無視した %s
ネムリン,Nemurin,ネムリン
ユメミ,Yumemi,ユメミ
アサヤケ,Asayake,アサヤケ
ヨミセ,Yomise,ヨミセ
夜ふかしの灯りに、寄ってくる,Drawn to the light of late nights.,夜ふかしの灯りに、寄ってくる
ヒルネン,Hirunen,ヒルネン
トトノウ,Totonou,トトノウ
キラリ,Kirari,キラリ
はじめて,Firsts,はじめて
はじめての場所で、光る,A light in a new place.,はじめての場所で、光る
はじめての店で働いた日に生まれる,Your first shift at a new shop.,はじめての店で働いた日に生まれる
ハジメテ,Hajimete,ハジメテ
はじめての仕事を覚えた夜,The night you learn a new job.,はじめての仕事を覚えた夜
はじめての種類の仕事をした日に。まだ少しぎこちない,Your first time doing a new kind of job. Still a little clumsy.,はじめての種類の仕事をした日に。まだ少しぎこちない
ワタリドリ,Wataridori,ワタリドリ
五つの仕事を、すべて知る者に,For one who knows all five jobs.,五つの仕事を、すべて知る者に
5種類の仕事をぜんぶ経験すると生まれる。どこへでも行ける,Try all five kinds of work. Can go anywhere.,5種類の仕事をぜんぶ経験すると生まれる。どこへでも行ける
ミツボシ,Mitsuboshi,ミツボシ
三つの店を渡り歩いた週に,Three shops in a single week.,三つの店を渡り歩いた週に
1週間で3つの店で働くと生まれる,Work at three different shops in one week.,1週間で3つの店で働くと生まれる
ハツコエ,Hatsukoe,ハツコエ
はじめて会う人と、同じ時間に,A shift beside someone new.,はじめて会う人と、同じ時間に
はじめての同僚とシフトに入った日に。あいさつが上手,Your first shift with a new coworker. Great at greetings.,はじめての同僚とシフトに入った日に。あいさつが上手
ヨナキ,Yonaki,ヨナキ
時間帯,Time of day,時間帯
深夜のシフトの日に生まれる。静かな場所が好き,A late-night shift. Likes quiet places.,深夜のシフトの日に生まれる。静かな場所が好き
アサツユ,Asatsuyu,アサツユ
朝の光に、三度会うと,Greet the morning light three times.,朝の光に、三度会うと
朝のシフトに3回入ると生まれる。露のしずくでできている,Three morning shifts. Made of dewdrops.,朝のシフトに3回入ると生まれる。露のしずくでできている
ツキミ,Tsukimi,ツキミ
満月の夜、月がまんまるに満ちたら,When the full moon fills the sky.,満月の夜、月がまんまるに満ちたら
満月の夜に、灯りを4つ以上ともすと生まれる。うさぎの耳のような裾,Born when you light 4 or more lights on full-moon night. Its hem looks like rabbit ears.,満月の夜に、灯りを4つ以上ともすと生まれる。うさぎの耳のような裾
タソガレ,Tasogare,タソガレ
昼と夜、どちらも知っている,Knows both day and night.,昼と夜、どちらも知っている
同じ週に昼と夜のシフトに入ると生まれる,Day and night shifts in the same week.,同じ週に昼と夜のシフトに入ると生まれる
マヨナカ,Mayonaka,マヨナカ
真夜中の棚の前で,By the shelves at midnight.,真夜中の棚の前で
深夜の品出しをした日に。箱の角が好き,Restocking shelves late at night. Loves box corners.,深夜の品出しをした日に。箱の角が好き
アマガサ,Amagasa,アマガサ
天気,Weather,天気
雨の音が、好きらしい,Seems fond of the sound of rain.,雨の音が、好きらしい
雨の日のシフトで生まれる。傘の下で歌う,A shift on a rainy day. Sings under its umbrella.,雨の日のシフトで生まれる。傘の下で歌う
ユキミ,Yukimi,ユキミ
白い日に、外で働いた,Worked outside on a day of white.,白い日に、外で働いた
雪の日のシフトで生まれる。ひんやりしている,A shift on a snowy day. A little chilly.,雪の日のシフトで生まれる。ひんやりしている
カザグルマ,Kazaguruma,カザグルマ
風の強い日に働いたら,A shift on a windy day.,風の強い日に働いたら
風の強い嵐の日のシフトで生まれる。頭のかざぐるまが止まらない,"A shift on a stormy, windy day. Its pinwheel never stops.",風の強い嵐の日のシフトで生まれる。頭のかざぐるまが止まらない
サクラ,Sakura,サクラ
花が咲くころに,When the flowers bloom.,花が咲くころに
春のシフトで生まれる。花びらをまとう,A shift in spring. Wrapped in petals.,春のシフトで生まれる。花びらをまとう
ナカヨシ,Nakayoshi,ナカヨシ
つながり,Together,つながり
同じ人と、何度も並ぶと,"Beside the same person, again and again.",同じ人と、何度も並ぶと
同じ同僚と3回シフトに入ると生まれる,Three shifts with the same coworker.,同じ同僚と3回シフトに入ると生まれる
オクリモノ,Okurimono,オクリモノ
誰かに、おばけを手渡した,An obake passed into someone's hands.,誰かに、おばけを手渡した
同僚におばけを贈ると生まれる,Give an obake to a coworker.,同僚におばけを贈ると生まれる
モラッタン,Morattan,モラッタン
誰かから、受け取った,A gift from someone.,誰かから、受け取った
同僚からおばけを贈られると生まれる,Receive an obake from a coworker.,同僚からおばけを贈られると生まれる
テヲツナグ,Te-wo-tsunagu,テヲツナグ
満月を、おおぜいで見上げた,Many faces turned toward the full moon.,満月を、おおぜいで見上げた
8種類以上の仲間と、満月の夜を迎えると生まれる,Born on full-moon night with 8+ kinds of companions.,8種類以上の仲間と、満月の夜を迎えると生まれる
センパイ,Senpai,センパイ
はじめての人の、となりにいた,Beside someone on their first day.,はじめての人の、となりにいた
はじめて入る人と同じシフトに入ると生まれる。頼られると伸びる,Share a shift with someone on their first day.,はじめて入る人と同じシフトに入ると生まれる。頼られると伸びる
ヤスミジョウズ,Yasumi-jozu,ヤスミジョウズ
リズム,Rhythm,リズム
続けて働いたあと、ちゃんと休んだ,"Days of work, then a proper rest.",続けて働いたあと、ちゃんと休んだ
2日以上働いたあとに休むと生まれる。休み方の名人,Rest properly after two days of work. A master of breaks.,2日以上働いたあとに休むと生まれる。休み方の名人
シュウマツ,Shumatsu,シュウマツ
土と日、ふたつの休日に,Two days off: Saturday and Sunday.,土と日、ふたつの休日に
週末の両方でシフトに入ると生まれる,Work both days of a weekend.,週末の両方でシフトに入ると生まれる
ヒャッキ,Hyakki,ヒャッキ
ふつうのおばけを、みんな集めた,"Every common obake, all together.",ふつうのおばけを、みんな集めた
ふつうのおばけを全種類あつめると生まれる。百鬼夜行の先頭,Collect every common obake. Leads the night parade.,ふつうのおばけを全種類あつめると生まれる。百鬼夜行の先頭
カゾエウタ,Kazoeuta,カゾエウタ
図鑑が、十をこえたら,When the Book goes past ten.,図鑑が、十をこえたら
図鑑が10種類をこえると生まれる。数を歌う,Your collection passes ten. Sings the numbers.,図鑑が10種類をこえると生まれる。数を歌う
マンゲツ,Mangetsu,マンゲツ
0 ひき,0 counted,0 ひき
柵の真上に来たら、タップ,Tap when it's over the fence,柵の真上に来たら、タップ
目をさます,Wake up,目をさます
それは羊じゃない,That's not a sheep.,それは羊じゃない
ぴったり,Perfect,ぴったり
ぴったり ×%d,Perfect ×%d,ぴったり ×%d
かぞえた,Counted,かぞえた
はやい…,Too soon...,はやい…
%d ひき,%d counted,%d ひき
%d ひき かぞえた,Counted %d,%d ひき かぞえた
%d こ ひろった,Caught %d,%d こ ひろった
スヤリの玉 ×%d,Suyari orbs ×%d,スヤリの玉 ×%d
庭のめぐみ +%d,Garden bloom +%d,庭のめぐみ +%d
0 こ,0 caught,0 こ
左右になぞって、星を受けとめる,Swipe left and right to catch stars,左右になぞって、星を受けとめる
…ぬれた,...Wet.,…ぬれた
ひろった,Caught,ひろった
ひろった ×%d,Caught ×%d,ひろった ×%d
%d こ,%d caught,%d こ
あるじ,Caretaker,あるじ
芝,Grass,芝
灯り,Lights,灯り
花,Flowers,花
ほたる,Fireflies,ほたる
"%s
予定地","%s
Coming here","%s
予定地"
休憩室,Break room,休憩室
ほふ,Munch,ほふ
きのう、何時にねた？,When did you go to bed?,きのう、何時にねた？
庭が、しょんぼりしてる,The garden looks a little sad.,庭が、しょんぼりしてる
花が下を見ている。こっちも見ている,Flowers look down. Then at you.,花が下を見ている。こっちも見ている
まあまあの夜だった,An okay sort of night.,まあまあの夜だった
今夜は、早めに,An early night tonight.,今夜は、早めに
…ふわぁ,...Yaaawn.,…ふわぁ
花がのびた,The flowers grew.,花がのびた
朝の空気がすき,I like the morning air.,朝の空気がすき
リズム、悪くない,Not a bad rhythm.,リズム、悪くない
庭がきらきらしてる,The garden is sparkling.,庭がきらきらしてる
今日は、なにもしなくていい気がする,Feels like a day for doing nothing.,今日は、なにもしなくていい気がする
レシート、のびた,The receipt got longer.,レシート、のびた
合計は、言えない,Can't tell you the total.,合計は、言えない
…ピッ,...Beep.,…ピッ
ぷく,Blub.,ぷく
割れた。平気,Popped. I'm fine.,割れた。平気
洗ったら、減った,Washed it. Now there's less.,洗ったら、減った
お盆は落とさない,I don't drop the tray.,お盆は落とさない
中身は知らない,No idea what's on it.,中身は知らない
…（バランス中）,...(Balancing.),…（バランス中）
じゅう,Sizzle.,じゅう
さわらないで。あつくはない,Don't touch. I'm not hot.,さわらないで。あつくはない
油の音がすき,I like the sound of oil.,油の音がすき
箱から出ない,Not leaving this box.,箱から出ない
住所はここ,This is my address.,住所はここ
中は広い（ことにしている）,Roomy inside. Let's say it is.,中は広い（ことにしている）
羊が一ぴき…,One sheep...,羊が一ぴき…
夜はこれから,The night is young.,夜はこれから
…消さないで,...Don't turn me off.,…消さないで
川べり、行く？,Off to the river?,川べり、行く？
虫の声,Crickets singing.,虫の声
（じっとこっちを見ている）,(Stares right at you.),（じっとこっちを見ている）
……（うなずく）,...(Nods.),……（うなずく）
図鑑,Book,図鑑
庭　　,Garden    ,庭　　
[color=#c9bfc6]・[/color],[color=#c9bfc6]·[/color],[color=#c9bfc6]・[/color]
めあて %d/3 ▼,Goals %d/3 ▼,めあて %d/3 ▼
満開,Full bloom,満開
ポイ,Scoop,ポイ
破れにくさ ×%.2f,Tear resistance ×%.2f,破れにくさ ×%.2f
この7夜の平均 %.1f 時間 ・ これまで %d 夜,7-night average: %.1fh · %d nights total,この7夜の平均 %.1f 時間 ・ これまで %d 夜
まだ記録がない。今夜から,No entries yet. Start tonight.,まだ記録がない。今夜から
今日のめあて（1つ めぐみ+3）,Today's goals (+3 bloom each),今日のめあて（1つ めぐみ+3）
▲ カードを出す,▲ Show card,▲ カードを出す
▼ しまう,▼ Put away,▼ しまう
今日のおてつだい,Today's garden help,今日のおてつだい
おてつだいする,Lend a hand,おてつだいする
今日はのんびりする,Take it easy today,今日はのんびりする
今日のシフト,Today's shift,今日のシフト
%s・%s,%s · %s,%s・%s
働くと、庭に飾りが届く,Shifts bring garden decorations.,働くと、庭に飾りが届く
シフトに行く,Go to work,シフトに行く
今日は休む,Rest today,今日は休む
夜の庭へ、ようこそ,Welcome to the night garden,夜の庭へ、ようこそ
今日は休み,A day off,今日は休み
夕方まで、のんびり,Relax until evening,夕方まで、のんびり
島をつくる・シェアする,Edit & share island,島をつくる・シェアする
今夜は満月の夜,A full moon tonight,今夜は満月の夜
月見をする,Watch the moon,月見をする
夜になった,Night has fallen,夜になった
光る玉は、朝にかえる,Glowing orbs hatch in the morning.,光る玉は、朝にかえる
川べりで、おばけすくい,Scoop obake by the river,川べりで、おばけすくい
%sにおすそわけ,A gift for %s,%sにおすそわけ
玉を %d 個持ち帰った,Brought home %d orbs,玉を %d 個持ち帰った
おすそわけ,Give a gift,おすそわけ
%sに、%sを1体わたした（写しなので、庭の子はそのまま）,For %s: a copy of %s. Yours stays.,%sに、%sを1体わたした（写しなので、庭の子はそのまま）
ともした飾りの玉が、出やすい,Lit decorations attract matching orbs.,ともした飾りの玉が、出やすい
おつかれさま！,Nice work today!,おつかれさま！
すこし残念：%s,A little off: %s,すこし残念：%s
チョウチンがついてきた,Chochin followed you home.,チョウチンがついてきた
今日をはじめる,Start the day,今日をはじめる
右上に「めあて」ができた,Goals are now in the top right.,右上に「めあて」ができた
リズムのことばをタップで、くわしく,Tap your rhythm tier for more.,リズムのことばをタップで、くわしく
庭をよこになぞると、見回せる,Swipe sideways to look around.,庭をよこになぞると、見回せる
庭が育った：%s,Garden grew: %s,庭が育った：%s
島をつくる,Edit island,島をつくる
物をドラッグで動かす。おばけも寄ってくる,Drag things. Obake will wander over.,物をドラッグで動かす。おばけも寄ってくる
物をタップして、動かす,Tap an item to move it,物をタップして、動かす
回す,Rotate,回す
しまう,Put away,しまう
できた,Done,できた
島をシェアする,Share island,島をシェアする
"(function(u){ if (navigator.share) { navigator.share({title: 'Paw Time', text: 'わたしの島', url: u}).catch(function(){}); } else if (navigator.clipboard) { navigator.clipboard.writeText(u); } })('%s')","(function(u){ if (navigator.share) { navigator.share({title: 'Paw Time', text: 'My island', url: u}).catch(function(){}); } else if (navigator.clipboard) { navigator.clipboard.writeText(u); } })('%s')","(function(u){ if (navigator.share) { navigator.share({title: 'Paw Time', text: 'わたしの島', url: u}).catch(function(){}); } else if (navigator.clipboard) { navigator.clipboard.writeText(u); } })('%s')"
島のコードをコピーした,Island code copied.,島のコードをコピーした
リンクを送ると、%sの島に遊びに来てもらえる,Invite friends to %s's island by link.,リンクを送ると、%sの島に遊びに来てもらえる
島の呼び名,Island name,島の呼び名
シェアしたとき、みんなに見える名前,The name everyone sees when you share.,シェアしたとき、みんなに見える名前
たとえば：みか,For example: Mika,たとえば：みか
これにする,Use this name,これにする
とじる,Close,とじる
%sの島,%s's island,%sの島
かえる,Go home,かえる
%sの島に、おでかけ,Visiting %s's island,%sの島に、おでかけ
おばけ %d 体・島 Lv%d,%d obake · Island Lv%d,おばけ %d 体・島 Lv%d
おばけを1体、おいていく,Leave an obake as a gift,おばけを1体、おいていく
おみやげのおばけを、おいてきた,Left an obake as a gift.,おみやげのおばけを、おいてきた
自分の島にかえる,Back to my island,自分の島にかえる
どの子を、おいていく？,Who will you leave?,どの子を、おいていく？
やめる,Cancel,やめる
おみやげ,Gift,おみやげ
%sを、%sの島においてきた,Left %s as a gift on %s's island.,%sを、%sの島においてきた
%sが、島になじんだ,%s settled into the island.,%sが、島になじんだ
みか,Mika,みか
朝だ。光る玉が %d 個,Morning. %d glowing orbs.,朝だ。光る玉が %d 個
玉をひらく,Open orb,玉をひらく
レア ・ %s,Rare · %s,レア ・ %s
Lv%d ・ %s,Lv%d · %s,Lv%d ・ %s
つぎの玉,Next orb,つぎの玉
庭へ,To the garden,庭へ
いつもの子たち,Familiar faces,いつもの子たち
なかまが増えて、少し育った,More friends. A little bigger.,なかまが増えて、少し育った
レジの経験,Register experience,レジの経験
皿洗いの経験,Dishwashing experience,皿洗いの経験
ホールの経験,Serving experience,ホールの経験
キッチンの経験,Kitchen experience,キッチンの経験
品出しの経験,Restocking experience,品出しの経験
はじめての経験,A new experience,はじめての経験
満月の夜,Full-moon night,満月の夜
満月！,Full moon!,満月！
月は、まだ半分,Still a half moon,月は、まだ半分
灯り %d / 6,Lights %d / 6,灯り %d / 6
月の玉 ×%d%s,Moon orbs ×%d%s,月の玉 ×%d%s
（虹の玉つき）, (with a rainbow orb),（虹の玉つき）
今週：平均 %.1f 時間 ・ 新しい子 %d ・ めぐみ %d,Week: %.1fh avg · %d new · %d bloom,今週：平均 %.1f 時間 ・ 新しい子 %d ・ めぐみ %d
満月の朝には、めずらしいおばけが来るかもしれない,Full-moon morning may bring rare obake.,満月の朝には、めずらしいおばけが来るかもしれない
"あなたのおばけ猫を
さがそう","Find your
Obaneko","あなたのおばねこを
さがそう"
"12の質問で、相棒の猫おばけが決まる。
バイトと休みの、ゆるい質問だよ。","12 questions to find your Obaneko.
Easy questions about work and days off.","12の質問で、パートナーのおばねこが決まる。
バイトと休みの、ゆるい質問だよ。"
はじめる,Start,はじめる
1分くらい ・ 答えはあとで変えられる,About 1 min · Change answers later,1分くらい ・ 答えはあとで変えられる
ひとつ戻る,Go back one,ひとつ戻る
あなたのマイおばけ猫は,Your Obaneko is,あなたのおばねこは
この子と はじめる,Start with this one,この子と はじめる
結果をシェア,Share result,結果をシェア
向いてる仕事：%s,Best job: %s,向いてる仕事：%s
相性のいいタイプ：%s,Gets along with: %s,相性のいいタイプ：%s
画像を保存,Save image,画像を保存
シェア文をコピー,Copy share text,シェア文をコピー
カードを作っています…,Making your card...,カードを作っています…
画像を保存して、SNSに貼ってね,Save the image and share it online.,画像を保存して、SNSに貼ってね
シェア文をコピーしました,Share text copied.,シェア文をコピーしました
ピッと動いて、止まる,"Darts, then stops",ピッと動いて、止まる
ふわふわ。逃げない,Floaty. Won't flee,ふわふわ。逃げない
まっすぐ滑って逃げる,Glides straight away,まっすぐ滑って逃げる
はねる,Bounces,はねる
重い。動かない,Heavy. Stays put,重い。動かない
輪をかいて泳ぐ,Swims in circles,輪をかいて泳ぐ
今夜のすくい,Tonight's scooping,今夜のすくい
帰る,Go home,帰る
押して、玉の下へ → 離す,"Hold, slide under an orb → release",押して、玉の下へ → 離す
縁が金色で離すと、ぴったり,Gold rim: release for a perfect scoop.,縁が金色で離すと、ぴったり
ポイ ×%d,Scoops ×%d,ポイ ×%d
なし,None,なし
ポイがない。今夜はおしまい,No scoops left. Done for tonight.,ポイがない。今夜はおしまい
玉の下まで、そっと,"Gently, under the orb",玉の下まで、そっと
縁が光ったら、離す,Release when the rim glows,縁が光ったら、離す
ぴったり！,Perfect!,ぴったり！
"ぴったり ×%d
めぐみ +3","Perfect ×%d
bloom +3","ぴったり ×%d
めぐみ +3"
"
ふしぎな光…","
A curious glow...","
ふしぎな光…"
すくった！,Scooped!,すくった！
"すくった！
ふしぎな光…","Scooped!
A curious glow...","すくった！
ふしぎな光…"
やぶれた…,It tore...,やぶれた…
ポイを使い切った,All scoops used up,ポイを使い切った
新しいポイ。こんどはそっと,A fresh scoop. Gently this time.,新しいポイ。こんどはそっと
ぴったり。いま離す！,Perfect. Release now!,ぴったり。いま離す！
いま離せば、すくえる,Release now to scoop it,いま離せば、すくえる
押したまま、玉の下へ,Hold and slide under an orb,押したまま、玉の下へ
%d 個,%d orbs,%d 個
今夜は、水の音だけ,Just the sound of water tonight.,今夜は、水の音だけ
とじる ▲,Close ▲,とじる ▲
ほかの過ごし方 ▼,Other plans ▼,ほかの過ごし方 ▼
スマホの記録どおり,As your phone recorded,スマホの記録どおり
もうひと回り、すくう,One more scooping round,もうひと回り、すくう
夜店をのぞく,Browse the night market,夜店をのぞく
今夜：%s,Tonight: %s,今夜：%s
もうひと回り、すくいに行く,Go scooping once more,もうひと回り、すくいに行く
夜店へ,To the night market,夜店へ
いつもより30分早く,30 minutes earlier,いつもより30分早く
リズムがととのう,Steadies your rhythm,リズムがととのう
玉が増える・1時間おそく,More orbs · 1 hour later,玉が増える・1時間おそく
夜のおばけ・夜ふかし,Night obake · A late night,夜のおばけ・夜ふかし
いつも,Usual,いつも
朝に、玉が %d 個かえる,%d orbs hatch in the morning,朝に、玉が %d 個かえる
明日の庭が、すこし育つ,Tomorrow's garden grows a little.,明日の庭が、すこし育つ
リズム %s %s,Rhythm %s %s,リズム %s %s
内訳 ▼,Details ▼,内訳 ▼
内訳 ▲,Details ▲,内訳 ▲
夜ふかし：庭が少ししおれる,Up late: the garden wilts a little.,夜ふかし：庭が少ししおれる
ちょうちんを一つ買う,Buy a lantern,ちょうちんを一つ買う
チョウチンがもう1体ついてくる,One more Chochin follows you home.,チョウチンがもう1体ついてくる
真顔のお面を見る,Browse the blank masks,真顔のお面を見る
わたあめを買う,Buy cotton candy,わたあめを買う
ふしぎな玉が1つ（虹かもしれない）,One mystery orb. Maybe a rainbow.,ふしぎな玉が1つ（虹かもしれない）
夜店の帰り道,Home from the market,夜店の帰り道
夜店の灯り,Night market lights,夜店の灯り
たこ焼きの湯気の向こうで、ぼんやり光るおばけが並んでいる。屋台をひとつ、のぞいていく,"Past the takoyaki steam, dimly glowing obake line up. Peek at one stall.",たこ焼きの湯気の向こうで、ぼんやり光るおばけが並んでいる。屋台をひとつ、のぞいていく
ちょうちんを買ったら、中の子もついてきた,Bought a lantern. Its tenant came too.,ちょうちんを買ったら、中の子もついてきた
夜店,Night market,夜店
お面屋ごと、庭についてきた。全部、真顔,The mask stall moved in. All deadpan.,お面屋ごと、庭についてきた。全部、真顔
わたあめの中に、光る玉が入っていた,A glowing orb inside the cotton candy,わたあめの中に、光る玉が入っていた
。虹色だ,. Rainbow-colored.,。虹色だ
ねこおばけと、夜の庭,Obaneko in a night garden,おばねこと、夜の庭
つづきから,Continue,つづきから
はじめる（見本の記録つき）,Start with sample logs,はじめる（見本の記録つき）
記録なしで、はじめる,Start without logs,記録なしで、はじめる
記録なしでも、毎晩あそべます,"Play every night, even without logs.",記録なしでも、毎晩あそべます
島のコードで、おでかけ,Visit with island code,島のコードで、おでかけ
島へおでかけ,Visit an island,島へおでかけ
タップしてはじめる,Tap to Start,タップしてはじめる
はじめからにする？,Start over?,はじめからにする？
いまの庭と図鑑は消えます,Your garden and Book will be erased.,いまの庭と図鑑は消えます
はじめから,Start over,はじめから
%d週目 %s曜日 ・ 庭 Lv%d ・ 図鑑 %d,Week %d · %s · Garden Lv%d · Book %d,%d週目 %s曜日 ・ 庭 Lv%d ・ 図鑑 %d
島のコード,Island code,島のコード
コードかリンクを貼る,Paste a code or link,コードかリンクを貼る
おでかけする,Visit island,おでかけする
コードが読めなかった,Couldn't read that code.,コードが読めなかった
レア %d / %d,Rare %d / %d,レア %d / %d
もどる,Back,もどる
ふつうのおばけ,Common obake,ふつうのおばけ
庭の育ち,Garden growth,庭の育ち
レア ・ ,Rare · ,レア ・ 
タイトルへ（保存ずみ）,Title screen (saved),タイトルへ（保存ずみ）
？？？（めぐみ %d）,??? (%d bloom),？？？（めぐみ %d）
仕事の飾り,Work decorations,仕事の飾り
夜店のお面屋,Night market mask stall,夜店のお面屋
ヒント：,Hint: ,ヒント：
島の材料,Island material,島の材料
服,Clothing,服
島をつくるときに使える,Use it to build your island.,島をつくるときに使える
おばけに着せられる,Your obake can wear it.,おばけに着せられる
流木,Driftwood,流木
まるい小石,Round pebble,まるい小石
貝がら,Seashell,貝がら
シーグラス,Sea glass,シーグラス
ふかふかの苔,Soft moss,ふかふかの苔
ちいさなマフラー,Tiny scarf,ちいさなマフラー
リボン,Ribbon,リボン
ニット帽,Knit cap,ニット帽
蝶ネクタイ,Bow tie,蝶ネクタイ
エプロン,Apron,エプロン
中に、島の材料,Island material inside,中に、島の材料
中に、服,Clothing inside,中に、服
DAY_LABEL,Week %d · %s,%d週目 %s曜日
WEEKDAY_0,Mon,月
JOB_WD_0,Mon,月
WEEKDAY_1,Tue,火
JOB_WD_1,Tue,火
WEEKDAY_2,Wed,水
JOB_WD_2,Wed,水
WEEKDAY_3,Thu,木
JOB_WD_3,Thu,木
WEEKDAY_4,Fri,金
JOB_WD_4,Fri,金
WEEKDAY_5,Sat,土
JOB_WD_5,Sat,土
WEEKDAY_6,Sun,日
JOB_WD_6,Sun,日
ONB_PARTNER,Your partner,パートナー
SPECIAL_MOON_NAME,Moon Halo,月の輪
SPECIAL_MOON_PET,Luna,ルナ
SPECIAL_SUN_NAME,Sun Crown,太陽の冠
SPECIAL_SUN_PET,Sunny,サニー
SPECIAL_STAR_NAME,Star Orbit,星めぐり
SPECIAL_STAR_PET,Stella,ステラ
SPECIAL_BLOSSOM_NAME,Blossom Crown,花の冠
SPECIAL_BLOSSOM_PET,Sakura,さくら
ONB_SPECIAL_KICKER,A SPECIAL Obaneko appeared!,とくべつなおばねこが あらわれた！
ONB_SPECIAL_RIBBON,★ SPECIAL · %s ★,★ とくべつ・%s ★
ONB_SPECIAL_PET,Nice to meet you!,はじめまして！
ONB_SHIFT_PLACE,Practice shift,練習のシフト
ONB_SHIFT_MOCK,Practice: 4 hours in 8 seconds,練習：4時間を8秒で早送り
ONB_NAME_SAY,What will you call me?,ぼくの名前、どうする？
ONB_NAME_TITLE,Name your partner,パートナーの名前
ONB_NAME_HINT,Up to %d letters. You can change it later in My page.,%d文字まで。あとでマイページから変えられるよ。
ONB_NAME_OK,Use this name,この名前にする
ONB_NAME_SKIP,Decide later,あとで決める
ONB_NAME_THANKS,%s! I love it!,%s！ うれしい！
ONB_GO_SAY,"While you're at your shift, I'll work too!",きみがシフトの間、ぼくも働くね！
ONB_GO_TITLE,Go to your shift,シフトに行こう
ONB_GO_BODY,"When you go to work, %s works at a tiny shop too and earns Paw Coins. Try a sped-up one!",きみが働きに行くと、%s も小さなお店で働いて肉球コインをかせぐよ。早送りでやってみよう！
ONB_GO_BTN,Go to my shift,シフトに行く
ONB_TOGETHER_SAY,Good work! Look how much we earned!,おつかれさま！ こんなにかせいだよ！
ONB_TOGETHER_TITLE,We did it together!,いっしょにがんばったね！
ONB_SHIFT_EARNED,+2 poi,ポイ +2
ONB_SHIFT_POI_WHY,"Poi are scoop nets. Work gives you poi — tonight, use them at the river to scoop glowing orbs.",ポイは、すくいの網。働くともらえるよ。今夜、川べりで光る玉をすくおう。
ONB_SHIFT_TO_RIVER,Go to the river tonight,夜の川べりへ
ONB_SCOOP_COACH,"Orbs can hold a new obake, island materials or clothes! Watch the hand below.",玉の中には、新しいおばけ・島の材料・服のどれかが入ってる！ 下の手のまねをしてみて。
SCOOP_HAND_HOLD,Hold,おさえて
SCOOP_HAND_SLIDE,Slide under,すべりこませて
SCOOP_HAND_RELEASE,Release!,はなす！
SCOOP_NICE,Nice!,いいね！
SCOOP_TAP_HINT,Or just tap an orb,玉をタップするだけでもOK
SCOOP_NOW,Now!,いま！
ONB_NIGHT_SLEEP,Until morning,朝まで待つ
ONB_NIGHT_OPEN,Open the orbs,玉をあける
ONB_NIGHT_OPEN_NOW,No need to wait for morning. Open them now!,朝を待たずに、いまあけてみよう
ポイがくたくた。つぎのポイへ,This scoop is worn out. Next one!,ポイがくたくた。つぎのポイへ
ポイがくたくた,This scoop is worn out,ポイがくたくた
のこりの玉は、川へ流れていった,The other orbs drifted down the river,のこりの玉は、川へ流れていった
TOUR_1_TITLE,This is your island!,ここが、きみの島！
TOUR_1_BODY,%s is the host. Obake you hatch come to live here too.,あるじは %s。かえったおばけも、ここに住むよ。
TOUR_2_TITLE,Rest grows the island,休むと、島が育つ
TOUR_2_BODY,"Work days and rest days both grow the shore — flowers, a pond, a pier, even a lighthouse.",働いた日も休んだ日も、岸がひろがる。花・池・桟橋、灯台まで。
TOUR_3_TITLE,Work brings poi,働くと、ポイがもらえる
TOUR_3_BODY,"Each shift gives poi (not tied to hours). Scoop orbs at night for obake, materials and clothes.",シフトごとにポイ（時間の長さは関係なし）。夜にすくって、おばけ・材料・服を。
TOUR_4_TITLE,Paw Coins: %d,肉球コイン：%d
TOUR_4_BODY,"When %s works with you, you both earn Paw Coins. Spend them on island decorations and outfits.",%s がいっしょに働くと、肉球コインがたまる。島の飾りや服に使えるよ。
TOUR_NEXT,Next,つぎへ
TOUR_TO_PREFS,Tell %s how you like to work,%s に、働き方を教える
PREFS_TITLE,How do you like to work?,どんなふうに働きたい？
PREFS_SUB,%s will look for jobs that fit.,%s が、合う仕事をさがすよ。
PREFS_AREA,Areas (pick any),場所（いくつでも）
PREFS_AREA_PH,"Other places, comma-separated",ほかの地域や駅（「、」で区切る）
PREFS_WIN_MORNING,Morning 6–12,朝 6〜12時
PREFS_WIN_DAY,Daytime 11–17,昼 11〜17時
PREFS_WIN_EVENING,Evening 17–22,夕方 17〜22時
PREFS_WIN_NIGHT,Late night 22–5,深夜 22〜5時
PREFS_WAGE,Minimum hourly wage,最低時給
PREFS_WAGE_VAL,¥%s / h,¥%s／時
PREFS_PAY,Pay schedule,お給料の受け取り方
PREFS_GO,Find jobs for me,この条件でさがして
PREFS_NEED,Pick at least one square,マスを1つ以上えらんでね
JOB_AREA_SHIBUYA,Shibuya,渋谷
JOB_AREA_SHINJUKU,Shinjuku,新宿
JOB_AREA_IKEBUKURO,Ikebukuro,池袋
JOB_AREA_KICHIJOJI,Kichijoji,吉祥寺
JOB_AREA_YOKOHAMA,Yokohama,横浜
JOB_AREA_UMEDA,Osaka Umeda,大阪・梅田
JOB_AREA_MISSION,Mission,ミッション
JOB_AREA_SOMA,SoMa,ソーマ
JOB_AREA_NORTH_BEACH,North Beach,ノースビーチ
JOB_AREA_SUNSET,Sunset,サンセット
JOB_AREA_RICHMOND,Richmond,リッチモンド
JOB_AREA_HAYES_VALLEY,Hayes Valley,ヘイズバレー
JOB_AREA_CASTRO,Castro,カストロ
JOB_AREA_CHINATOWN,Chinatown,チャイナタウン
JOB_AREA_DOGPATCH,Dogpatch,ドッグパッチ
JOB_AREA_BAYVIEW,Bayview,ベイビュー
JOB_AREA_NOE_VALLEY,Noe Valley,ノエバレー
JOB_AREA_HAIGHT,Haight-Ashbury,ヘイト・アシュベリー
JOB_AREA_MARINA,Marina,マリーナ
JOB_AREA_JAPANTOWN,Japantown,ジャパンタウン
JOB_AREA_NEARBY,near you,近く
JOB_PAY_DAILY,Instant pay,日払い
JOB_PAY_WEEKLY,Weekly pay,週払い
JOB_PAY_MONTHLY,Biweekly pay,月払い
JOB_PAY_ANY,Any,どれでも
JOB_ROLE_REGISTER,Register,レジ
JOB_TITLE_REGISTER,Cashier,レジスタッフ
JOB_ROLE_DISH,Dishwashing,皿洗い
JOB_TITLE_DISH,Dishwasher,洗い場スタッフ
JOB_ROLE_HALL,Hall,ホール
JOB_TITLE_HALL,Server / barista,ホールスタッフ
JOB_ROLE_KITCHEN,Kitchen,キッチン
JOB_TITLE_KITCHEN,Line cook,キッチンスタッフ
JOB_ROLE_STOCK,Stock,品出し
JOB_TITLE_STOCK,Stocker,品出しスタッフ
JOB_LINE_REGISTER_1,"Beep, beep! I love the register sound.",ピッ、ピッ。レジの音、好き！
JOB_LINE_REGISTER_2,A chance to say “thank you” a lot!,ありがとうを、たくさん言えるよ！
JOB_LINE_REGISTER_3,I'll count the change with you.,おつり、いっしょに数えるね。
JOB_LINE_DISH_1,Bubbles! I'm in!,泡！ まかせて！
JOB_LINE_DISH_2,Shiny plates make me happy.,ぴかぴかのお皿、うれしい。
JOB_LINE_DISH_3,Quiet and cozy work.,静かで、落ちつく仕事だよ。
JOB_LINE_HALL_1,Carrying trays is my specialty!,お盆運びは、とくい！
JOB_LINE_HALL_2,Lots of smiles in the hall.,ホールは、笑顔がいっぱい。
JOB_LINE_HALL_3,I'll watch the tables with you.,テーブル、いっしょに見てるね。
JOB_LINE_KITCHEN_1,It smells yummy already!,もう、いいにおいがする！
JOB_LINE_KITCHEN_2,Sizzle sizzle! Let's cook.,ジュウジュウ！ 作ろう。
JOB_LINE_KITCHEN_3,Maybe there's a staff meal…,まかない、あるかも…
JOB_LINE_STOCK_1,Boxes! My favorite.,箱だ！ 大好き。
JOB_LINE_STOCK_2,Neat shelves feel so good.,きれいな棚、気持ちいい。
JOB_LINE_STOCK_3,"Quiet work, steady pace.",静かに、自分のペースで。
JOB_WHEN,%s %d/%d · %02d:%02d–%02d:%02d,%s %d/%d・%02d:%02d〜%02d:%02d
JOB_WAGE,¥%s/h,¥%s／時
JOB_COUNT,%d / %d,%d / %d
JOB_ACCEPT,Accept,受ける
JOB_PASS,Pass,今回は見送る
JOB_ADDED,Added to your shifts!,シフトに入れたよ！
JOB_NEXT,Next job,つぎの仕事
JOB_DONE,Done,おわり
JOB_SAMPLE_NOTE,Sample listings for the demo — not real job offers,見本の求人です（本物の募集ではありません）
CAL_GOOGLE,Add to Google Calendar,Google カレンダーに追加
CAL_ICS,Download .ics,.ics をダウンロード
CAL_ICS_DOWNLOADED,Calendar file downloaded,カレンダーのファイルをダウンロードしました
CAL_ICS_SAVED,Saved: %s,保存しました：%s
CAL_ICS_FAILED,Couldn't save the file,保存できませんでした
CAL_DETAILS_WAGE,%s · %s,%s・%s
CAL_DETAILS_SAMPLE,Sample listing (demo) — not a real job offer.,見本の求人（デモ）です。本物の募集ではありません。
CAL_DETAILS_FROM,Added from Paw Time,Paw Time から追加
JOY_1,Yay! I'll cheer for you!,やった！ 応援するね！
JOY_2,Hooray! It's a date!,わーい！ 約束だよ！
JOY_3,Great pick! Let's go together!,いいね！ いっしょに行こう！
SHRUG_1,Okay! Maybe next time.,そっか！ またこんど。
SHRUG_2,No worries — plenty more jobs!,だいじょうぶ、ほかにもあるよ！
END_TITLE,That's all for today!,今日は、これでぜんぶ！
END_BODY,Shifts accepted: %d. %s will remember them.,%d 件受けたよ。%s がおぼえておくね。
END_BODY_NONE,None today — that's okay. %s will look again tomorrow.,今日は0件。だいじょうぶ、%s がまた明日さがすよ。
END_SAY,See you at work!,仕事で会おうね！
END_SAY_NONE,Rest is good too!,休むのも、だいじ！
END_BACK,Back to the island,島にもどる
END_EDIT,Change work conditions,働く条件を変える
FOUND_TITLE,%s found %d jobs!,%s が %d 件みつけた！
FOUND_BODY,"They match your area, schedule and wage. Take a look?",場所・日程・時給に合う仕事だよ。見てみる？
FOUND_SEE,See jobs,見てみる
FOUND_NONE_TITLE,No matches yet,まだ見つからない
FOUND_NONE_BODY,Try a lower minimum wage or more days.,最低時給を下げるか、曜日を増やしてみて。
FOUND_EDIT,Change conditions,条件を変える
NOTE_MATCH,New match · %s,みつけた・%s
NOTE_DAILY,%s brought %d jobs today,%s が今日の仕事を %d 件もってきた
NOTE_DAILY_SUB,Tap to see · from %s,タップして見る・%s から
NOTE_REVIEW,How was work at %s?,%s の仕事、どうだった？
NOTE_REVIEW_SUB,10-second review · +1 poi,10秒のひとこと評価・ポイ +1
REVIEW_TAG_BREAKS,Breaks respected,休憩がとれる
REVIEW_TAG_INSTRUCTIONS,Clear instructions,説明がわかりやすい
REVIEW_TAG_ON_TIME,Left on time,時間どおりに帰れる
REVIEW_TAG_PAID,Paid on time,給料が遅れない
REVIEW_TAG_FRIENDLY,Friendly team,人がやさしい
REVIEW_TAG_FAIR,Busy but fair,忙しいけど公平
REVIEW_TAG_AGAIN,Would work again,また働きたい
REVIEW_SAYS,Workers say: %s · ★%.1f (%d),働いた人の声：%s・★%.1f（%d）
REVIEW_ASK,How was work at %s?,%s の仕事、どうだった？
REVIEW_TITLE,Quick review,ひとこと評価
REVIEW_WHY,Helps other workers pick good places. Stays anonymous.,ほかの人の職場えらびに役立つよ。名前は出ません。
REVIEW_SEND,Send review (+%d poi),送る（ポイ +%d）
REVIEW_SKIP,Skip,とばす
REVIEW_THANKS,Thank you! Here's %d poi.,ありがとう！ ポイ %d 本どうぞ。
REVIEW_DONE,Review sent!,送ったよ！
REVIEW_DONE_BODY,Your voice now shows on this workplace's job cards.,この職場の求人カードに、きみの声が入ったよ。
REVIEW_GOOD,What went well?,よかったこと
REVIEW_BAD,Anything hard? (optional),大変だったこと（あれば）
REVIEW_BAD_NOTE,Shops only see this anonymously when 5+ people say the same.,お店に届くのは、5人以上が同じことを言ったときだけ（名前は出ません）。
REVIEW_ISSUE_NO_BREAK,Couldn't take a break,休憩がとれなかった
REVIEW_ISSUE_LEFT_LATE,Left later than planned,予定より遅く帰った
REVIEW_ISSUE_UNCLEAR,Instructions were unclear,説明がわかりにくかった
REVIEW_ISSUE_TOO_BUSY,Too busy / understaffed,忙しすぎ・人が足りない
REVIEW_ISSUE_RUDE,Treated rudely,失礼な扱いを受けた
REVIEW_ISSUE_LATE_PAY,Pay was late,給料が遅れた
REVIEW_SUPPORT,Report to Paw Time support (anonymous),Paw Time の窓口にも知らせる（匿名）
REVIEW_SUPPORT_SENT,"Paw Time support was told, without your name.",名前を伏せて、Paw Time の窓口にも知らせたよ。
QUIZ_Q1,Day off. You're…,休みの日は？
QUIZ_Q1_A,Out and about,外へおでかけ
QUIZ_Q1_B,Cozy at home,家でまったり
QUIZ_Q2,"Before a shift, you…",シフトの前に、まず
QUIZ_Q2_A,Make a plan,段取りを決める
QUIZ_Q2_B,Wing it on site,現場で考える
QUIZ_Q3,Your shift superpower?,シフトで得意なのは？
QUIZ_Q3_A,Talking to people,人と話す
QUIZ_Q3_B,Heads-down work,黙々と作業
QUIZ_Q4,After a long day?,長い一日のあとは？
QUIZ_Q4_A,Straight home to rest,まっすぐ帰って休む
QUIZ_Q4_B,One more scroll…,ついスマホ
QUIZ_Q5,Invited out after work?,バイト終わりに誘われた
QUIZ_Q5_A,I'm in!,行く行く！
QUIZ_Q5_B,Heading home,今日は帰る
QUIZ_Q6,Rush hour hits!,ピークが来た！
QUIZ_Q6_A,Stick to the steps,手順どおりに回す
QUIZ_Q6_B,Improvise it,ひらめきで乗りきる
QUIZ_Q7,What makes your day?,うれしいのは？
QUIZ_Q7_A,"A warm ""thank you""",ありがとうの一言
QUIZ_Q7_B,A perfectly neat shelf,きれいに並んだ棚
QUIZ_Q8,Meet at 6. You show up…,集合時間には
QUIZ_Q8_A,10 minutes early,10分前に着く
QUIZ_Q8_B,Right at 6,ちょうどに着く
QUIZ_Q9,What recharges you?,元気が出るのは？
QUIZ_Q9_A,Seeing people,人と会った日
QUIZ_Q9_B,Time alone,ひとりの時間
QUIZ_Q10,Making the staff meal?,まかないを作るなら
QUIZ_Q10_A,Follow the recipe,レシピどおり
QUIZ_Q10_B,Ask the fridge,冷蔵庫と相談
QUIZ_Q11,Stuck on something?,困ったときは
QUIZ_Q11_A,Ask a senior,先輩に聞く
QUIZ_Q11_B,Read the manual,マニュアルを読む
QUIZ_Q12,Your 15-min break?,休憩15分の使い方
QUIZ_Q12_A,Exactly 15 minutes,時計を見てきっちり
QUIZ_Q12_B,"Oops, dozed off",気づけばうとうと
QUIZ_AX0_A,Out,外へ
QUIZ_AX0_B,In,内へ
QUIZ_AX1_A,Plan,段取り
QUIZ_AX1_B,Spark,ひらめき
QUIZ_AX2_A,People,人
QUIZ_AX2_B,Things,モノ
QUIZ_AX3_A,Tidy,きっちり
QUIZ_AX3_B,Easy,ゆったり
QUIZ_JOB_REGISTER,Register,レジ
QUIZ_JOB_DISH,Dish,皿洗い
QUIZ_JOB_HALL,Hall,ホール
QUIZ_JOB_KITCHEN,Kitchen,キッチン
QUIZ_JOB_STOCK,Stock,品出し
QUIZ_T_OPHK_NAME,The Floor Commander,ホールの司令塔
QUIZ_T_OPHK_LINE,Spots an empty glass three tables away.,3卓先のお冷やまで見えている。
QUIZ_T_OPHY_NAME,Keeper of the Regulars,常連さんの記憶係
QUIZ_T_OPHY_LINE,Knows 'the usual' before you say it.,『いつもの』で、全部わかる。
QUIZ_T_OPMK_NAME,Captain of the Shelves,棚の整列隊長
QUIZ_T_OPMK_LINE,Every label faces front. Every one.,ラベルは全部、こっち向き。
QUIZ_T_OPMY_NAME,The Staff-Meal Master,まかないの達人
QUIZ_T_OPMY_LINE,Turns leftovers into a feast.,余りもので、ごちそうを作る。
QUIZ_T_OFHK_NAME,Register Sunshine,笑顔のレジ番長
QUIZ_T_OFHK_LINE,Hands back change with a kind word.,おつりと一緒に、ひと言そえる。
QUIZ_T_OFHY_NAME,The Break-Room Mood Maker,休憩室のムードメーカー
QUIZ_T_OFHY_LINE,"Shares snacks, lifts the whole room.",お菓子を配ると、場がなごむ。
QUIZ_T_OFMK_NAME,The New-Menu Researcher,新メニュー研究員
QUIZ_T_OFMK_LINE,Allows exactly three test batches.,試作は3回まで、と決めている。
QUIZ_T_OFMY_NAME,The Easygoing Inventor,のんびり発明家
QUIZ_T_OFMY_LINE,Still perfecting the art of the cart.,台車の押し方を、日々改良中。
QUIZ_T_IPHK_NAME,Guardian of the Rota,シフト表の守り神
QUIZ_T_IPHK_LINE,Knows who is off when. Mostly.,誰がいつ休みか、だいたい知ってる。
QUIZ_T_IPHY_NAME,The Good Listener,聞き上手のおばけ
QUIZ_T_IPHY_LINE,Everyone's go-to for a quiet chat.,バイト仲間の相談、だいたい受ける。
QUIZ_T_IPMK_NAME,The Late-Night Artisan,深夜のひとり職人
QUIZ_T_IPMK_LINE,Scrubs in silence until plates shine.,皿がひかるまで、黙って洗う。
QUIZ_T_IPMY_NAME,Keeper of the Stockroom,在庫の番人
QUIZ_T_IPMY_LINE,Knows what's in the box. Unopened.,箱の中身、開けなくてもわかる。
QUIZ_T_IFHK_NAME,The Tidy Ninja,気配り忍者
QUIZ_T_IFHK_LINE,Cleaned up before you even noticed.,気づいた時には、もう片付いている。
QUIZ_T_IFHY_NAME,The Calm Companion,そばにいる癒やし係
QUIZ_T_IFHY_LINE,Just being nearby makes it better.,となりにいるだけで、落ちつく。
QUIZ_T_IFMK_NAME,The Prep Perfectionist,こだわりの仕込み番
QUIZ_T_IFMK_LINE,Slices onions with total devotion.,玉ねぎの薄さに、命をかける。
QUIZ_T_IFMY_NAME,Master of the Break,休み上手
QUIZ_T_IFMY_LINE,Fully recharged in a 15-minute break.,休憩15分で、しっかり回復。
QUIZ_UI_KICKER,My Obaneko Quiz,マイおばねこ診断
QUIZ_UI_TITLE,"Find your
Obaneko","あなたのおばねこを
さがそう"
QUIZ_UI_SUB,"12 quick questions pick your partner.
All about part-time life and rest.","12の質問で、パートナーのおばねこが決まる。
バイトと休みの、ゆるい質問だよ。"
QUIZ_UI_START,Start,はじめる
QUIZ_UI_NOTE,About 1 min · You can retake it later,1分くらい ・ 答えはあとで変えられる
QUIZ_UI_QNUM,Q%d,Q%d
QUIZ_UI_BACK,Back,ひとつ戻る
QUIZ_UI_YOURS,Your Obaneko is…,あなたのおばねこは
QUIZ_UI_JOB,Best job: %s,向いてる仕事：%s
QUIZ_UI_MATCH,Best match: %s,相性のいいタイプ：%s
QUIZ_UI_BEGIN,Start with this cat,この子と はじめる
QUIZ_UI_SHARE,Share result,結果をシェア
QUIZ_UI_SHARE_TITLE,Share your result,結果をシェア
QUIZ_UI_SAVE,Save image,画像を保存
QUIZ_UI_COPY,Copy share text,シェア文をコピー
QUIZ_UI_MAKING,Making your card…,カードを作っています…
QUIZ_UI_READY,Save it and post it!,画像を保存して、SNSに貼ってね
QUIZ_UI_COPIED,Share text copied!,シェア文をコピーしました
QUIZ_UI_DOWNLOADED,Image downloaded!,画像をダウンロードしました
QUIZ_UI_SAVED,Saved: %s,保存しました：%s
QUIZ_UI_SAVE_FAILED,Couldn't save (%s),保存できませんでした（%s）
QUIZ_UI_CLOSE,Close,とじる
QUIZ_CARD_KICKER,My Obaneko Quiz,マイおばねこ診断
QUIZ_CARD_JOB,Best job  %s,向いてる仕事  %s
QUIZ_CARD_MINE,My Obaneko is,わたしのおばねこは
QUIZ_SHARE_TEXT,"My Obaneko is ""%s""!
%s
#PawTime #MyObaneko
%s","わたしのおばねこは「%s」！
%s
#PawTime #マイおばねこ
%s"
JOB_STORE_CAFE_KOMOREBI,Sunlit Pages Bookstore Café,カフェ こもれび
JOB_STORE_CAFE_SUNNYSIDE,Sunnyside Boba,サニーサイド珈琲
JOB_STORE_CAFE_MORI,Fogline Coffee,森の喫茶
JOB_STORE_CAFE_TSUKI,Half Moon Espresso Bar,月カフェ
JOB_STORE_CAFE_NEKOMIMI,Whiskers Cat Café,ねこみみカフェ
JOB_STORE_CAFE_HARBOR,Pier Seven Coffee,港珈琲
JOB_STORE_CAFE_HOSHIZORA,Night Owl Café,喫茶 ほしぞら
JOB_STORE_CAFE_MATCHA,Green Leaf Matcha Bar,抹茶スタンド みどり
JOB_STORE_CAFE_BEANBAG,Bean Bag Roasters,ビーンバッグ焙煎所
JOB_STORE_CAFE_FUWARI,Fluffy Stack Pancakes,パンケーキハウス ふわり
JOB_STORE_IZK_TORIMARU,La Brasita Taqueria,居酒屋 とりまる
JOB_STORE_IZK_CHOCHIN,Paper Lantern Izakaya Bar,居酒屋 ちょうちん
JOB_STORE_IZK_KEMURI,Ember Izakaya,焼き鳥 けむり
JOB_STORE_IZK_HANABI,Late Night Pho,おでん屋台 はなび
JOB_STORE_IZK_DARUMA,Lucky Daruma Skewer Bar,串カツ だるま
JOB_STORE_IZK_MINATO,Dockside Tavern,酒場 みなと
JOB_STORE_IZK_HINOKI,Cedar Grill & Robata,炉端 ひのき
JOB_STORE_IZK_TANUKI,The Tipsy Raccoon Pub,居酒屋 たぬき
JOB_STORE_CVS_HOSHI,Starlight Corner Market,ほしマート
JOB_STORE_CVS_MACHIKADO,24th Street Market,まちかどマート
JOB_STORE_CVS_KURUMI,Walnut Corner Store,くるみストア
JOB_STORE_CVS_TSUKI24,Moonlight 24h Market,24ツキマート
JOB_STORE_CVS_ASAHI,Sunrise Deli & Market,あさひミニ
JOB_STORE_CVS_POCKET,Pocket Market,コンビニポケット
JOB_STORE_CVS_SAKURA,Cherry Blossom Market,さくらマート
JOB_STORE_WH_KITA,Bayview Fulfillment Center,北倉庫
JOB_STORE_WH_MINATO,Pier 80 Logistics,みなと物流センター
JOB_STORE_WH_SHIORI,Bookmark Book Distributors,本の倉庫 しおり
JOB_STORE_WH_HAYATE,Fresh Tide Produce Depot,生鮮センター はやて
JOB_STORE_WH_TSUBAME,Swallow Parcel Hub,宅配ハブ つばめ
JOB_STORE_WH_NUNO,Threadline Apparel Stockroom,衣料倉庫 ぬの
JOB_STORE_WH_OMOCHA,Toybox Warehouse,おもちゃ倉庫
JOB_STORE_BK_KOMUGI,Wheatfield Bakery,ベーカリー こむぎ
JOB_STORE_BK_MORI,Forest Loaf Bakery,パンの森
JOB_STORE_BK_MELON,Sweet Melon Buns,メロンパン工房
JOB_STORE_BK_TSUKIAKARI,Moonbeam Croissanterie,クロワッサン 月あかり
JOB_STORE_BK_KOGUMA,Little Bear Bagels,ベーグル こぐま
JOB_STORE_BK_TOMATO,Tomato Sandwich Co.,サンドイッチ とまと
JOB_STORE_SM_MARUYA,Columbus Avenue Grocery,スーパー まるや
JOB_STORE_SM_MIDORI,Green Valley Produce,八百屋 みどり
JOB_STORE_SM_KAEDE,Maple Fresh Market,フレッシュマーケット かえで
JOB_STORE_SM_TANE,Seedling Organic Market,オーガニック市場 たね
JOB_STORE_SM_HAKKA,Mint Pharmacy & Goods,ドラッグストア はっか
JOB_STORE_RS_NIKONIKO,Smiley's Diner,ファミレス にこにこ
JOB_STORE_RS_YUGE,Steam Bowl Ramen,ラーメン 湯気
JOB_STORE_RS_TSURUTSURU,Slurp Noodle House,うどん つるつる
JOB_STORE_RS_UMI,Ocean Roll Sushi,回転寿司 うみ
JOB_STORE_RS_HOSHI,Star Curry House,カレーの店 星
JOB_STORE_RS_HANAMARU,Golden Dumpling,餃子 はなまる
JOB_STORE_RS_TEPPAN,Hot Griddle Burgers,お好み焼き 鉄板
JOB_STORE_RS_KIRI,Fog City Soup Co.,そば処 きり
JOB_STORE_RS_TAMAGO,Sunny Egg Brunch,オムライス たまご
JOB_STORE_OT_SHIORIDOU,Dog-Ear Books,書店 しおり堂
JOB_STORE_OT_TSUKIKAGE,Moonshadow Cinema,映画館 つきかげ
JOB_STORE_OT_UTAYA,Encore Karaoke,カラオケ うたや
JOB_STORE_OT_HOTEL,Bayside Hotel Breakfast Room,ホテルみなと 朝食会場
JOB_STORE_OT_OHISAMA,Sunshine Bento,弁当屋 おひさま
JOB_STORE_OT_YUKI,Snowcap Creamery,アイスクリーム ゆき
JOB_STORE_OT_HANAHANA,Petal & Stem Florist,花屋 はなはな
JOB_STORE_OT_MIMI,Crêpe Corner,クレープスタンド みみ
JOB_STORE_OT_PON,Pop Pearl Boba,タピオカ茶 ぽん
JOB_STORE_OT_WA,Ring Donuts,ドーナツ わ
JOB_STORE_OT_ENPITSU,Pencil Box Stationery,文具店 えんぴつ
JOB_STORE_OT_AWA,Bubbles Laundry Café,ランドリーカフェ あわ
JOB_PLACE,%s (%s),%s（%s）
PREFS_SUGGEST,Job suggestions,求人の知らせ
PREFS_SUGGEST_ON,On,オン
PREFS_SUGGEST_OFF,Off,オフ
PREFS_SUGGEST_NOTE,Off: no daily job cards. Add your own shifts and keep playing.,オフにすると、毎日の求人カードは出ません。自分のシフトを入れて遊べます。
PREFS_SAVE,Save,保存する
SHIFT_FORM_OPEN,+ Add a shift myself,＋ 自分でシフトを入れる
SHIFT_FORM_TITLE,Add a shift myself,自分でシフトを入れる
SHIFT_FORM_SUB,For a job you already have. No pay details needed.,もう決まっている仕事に。お給料の情報はいりません。
SHIFT_FORM_WHAT,Job,仕事
SHIFT_FORM_WHAT_PH,e.g. Café shift,例：カフェのシフト
SHIFT_FORM_WHERE,Place,場所
SHIFT_FORM_WHERE_PH,e.g. Station-front café,例：駅前のカフェ
SHIFT_FORM_DAY,Day,日
SHIFT_FORM_START,Start,はじまり
SHIFT_FORM_END,End,おわり
SHIFT_FORM_DATE,%s %d/%d,%s %d/%d
SHIFT_FORM_NEXT_DAY, (+1 day),（翌日）
SHIFT_FORM_ADD,Add shift,シフトを入れる
SHIFT_FORM_CANCEL,Cancel,やめる
SHIFT_FORM_DEMO_TITLE,Café shift,カフェのシフト
SHIFT_FORM_DEMO_PLACE,Station-front café,駅前のカフェ
WORK_PILL,Work,しごと
WORK_MENU_TITLE,My shifts,マイシフト
WORK_MENU_BODY,"Coming up: %d. After each shift, a 10-second review gives you 1 poi.",これからのシフト：%d 件。働いたあとの10秒のひとこと評価で、ポイが1本。
WORK_MENU_PREFS,Work conditions,働く条件
WORK_MENU_CLOSE,Close,とじる
SHIFT_ADDED_TITLE,Shift added!,シフトを入れた！
SHIFT_ADDED_BODY,"""%s"" is in. %s will ask how it went afterward.",「%s」を入れました。終わったら、%sが様子を聞きにきます。
1 個,1 orb,1 個
We worked hard today. Rest up!,We worked hard today. Rest up!,今日はよくがんばった。ゆっくり休もう
Ready when you are.,Ready when you are.,いつでも、いっしょに行けるよ
Let's do this together!,Let's do this together!,いっしょに、がんばろう！
Getting into the groove.,Getting into the groove.,だんだん調子が出てきた
Phew… still going.,Phew… still going.,ふう…まだまだ
*yawn* …almost there.,*yawn* …almost there.,ふあぁ…もうすこし
I'm pooped… let's stop here. Extra time earns nothing.,I'm pooped… let's stop here. Extra time earns nothing.,もうへとへと…ここまでにしよう。これ以上はコインにならないよ
I'm pooped… let's both head home.,I'm pooped… let's both head home.,もうへとへと…いっしょに帰ろう
See you at work at %s · %s,See you at work at %s · %s,%s から %s で、いっしょにね
"See you at work tomorrow, %s · %s","See you at work tomorrow, %s · %s",明日 %s から %s で、いっしょにね
Next shift in %d days · %s,Next shift in %d days · %s,次のシフトは %d 日後・%s
Register,Register,レジ
Dishes,Dishes,皿洗い
Floor,Floor,ホール
Kitchen,Kitchen,キッチン
Stocking,Stocking,品出し
Work,Work,仕事
Island,Island,島へ
At work together,At work together,いっしょに働いてる
%dh %02dm · %d Paw Coins,%dh %02dm · %d Paw Coins,%d時間%02d分・肉球コイン %d
No more coins today — time to rest.,No more coins today — time to rest.,今日はもうコインは出ない。休もう
Back home,Back home,帰る
Today's work,Today's work,今日の仕事
Work together,Work together,いっしょに働く
Earned today: %d Paw Coins,Earned today: %d Paw Coins,今日の肉球コイン：%d
Your cat-obake earns Paw Coins while you work.,Your Obaneko earns Paw Coins while you work.,あなたが働くあいだ、おばねこも肉球コインをかせぐ
I'm going to work,I'm going to work,仕事に行ってくる
Resting until tomorrow,Resting until tomorrow,明日まで、ひと休み
Good work today! Let's go home.,Good work today! Let's go home.,今日もおつかれさま！帰ろう
Shift's over!,Shift's over!,おつかれさま！
%dh %02dm together,%dh %02dm together,いっしょに %d時間%02d分
+%d Paw Coins,+%d Paw Coins,肉球コイン +%d
+%d %s nets,+%d %s nets,ポイ +%d（%s）
"Your cat-obake got tired,
so it stopped there.
Extra time earns nothing.","Your Obaneko got tired,
so it stopped there.
Extra time earns nothing.","おばねこが疲れたので、
そこでおしまい。
それ以上はコインにならない"
"A long day…
tomorrow it'll be a bit slower.","A long day…
tomorrow it'll be a bit slower.","長い一日…
明日は少しゆっくりめ"
Back to the island,Back to the island,島へもどる
Peek at work,Peek at work,仕事場をのぞく
Your cat-obake worked too: +%d Paw Coins,Your Obaneko worked too: +%d Paw Coins,おばねこもいっしょに働いた：肉球コイン +%d
島の材料と服,Materials & clothes,島の材料と服
島づくりと着がえに使える,For your island and outfits,島づくりと着がえに使える
今朝の見つけもの,This morning's finds,今朝の見つけもの
島の材料と服、いつもの子たち,"Materials, clothes and familiar faces",島の材料と服、いつもの子たち
Back,Back,背中
Done,Done,もどる
Wardrobe,Wardrobe,キセカエ
Random,Random,おまかせ
Save,Save,保存
Your cat obake,Your Obaneko,あなたのおばねこ
%d Paw Coins,%d Paw Coins,肉球コイン %d
None,None,なし
Owned,Owned,もっている
Special,Special,特別
Locked,Locked,まだ
Trying it on,Trying it on,試着中
Tap Save to keep this look,Tap Save to keep this look,「保存」でこの姿に
Buy · %s,Buy · %s,買う・%s
Pick something to try,Pick something to try,服をえらんで試着
Drag to spin. Tap an item to try it on.,Drag to spin. Tap an item to try it on.,なぞると回る。服をタップで試着
Take off,Take off,ぬぐ
Buy · %d,Buy · %d,買う・%d
Trying it on. Buy to keep it.,Trying it on. Buy to keep it.,試着中。買うと自分のものに
Special look only. Changes nothing in play.,Special look only. Changes nothing in play.,見た目だけの特別な服。遊びは変わらない
Not yet,Not yet,まだ
Saved!,Saved!,保存した
Saved. Items you don't own were left off.,Saved. Items you don't own were left off.,保存した（持っていない服は外した）
Coming soon,Coming soon,準備中
This is a sample store. No payment happens. Special items only change looks.,This is a sample store. No payment happens. Special items only change looks.,これは見本のお店です。支払いはありません。特別な服は見た目だけです。
OK,OK,OK
New outfit!,New outfit!,新しい服！
Found inside a glowing orb,Found inside a glowing orb,光る玉の中に入っていた
Later,Later,あとで
Wear it,Wear it,着てみる
Do a %s shift once,Do a %s shift once,%sの仕事を1回する
Meet %s rare obake,Meet %s rare obake,レアに%s体会う
Meet every common obake,Meet every common obake,ふつうのおばけを全部集める
Hidden in glowing orbs,Hidden in glowing orbs,光る玉の中に
Hidden in rainbow orbs,Hidden in rainbow orbs,虹の玉の中に
%s Paw Coins,%s Paw Coins,肉球コイン %s
Register vest,Register vest,レジのベスト
Cashier visor,Cashier visor,レジのサンバイザー
Dish apron,Dish apron,洗い場のエプロン
Rubber gloves,Rubber gloves,ゴム手ぶくろ
Bow tie,Bow tie,蝶ネクタイ
Silver tray,Silver tray,銀のお盆
Chef hat,Chef hat,コック帽
Chef scarf,Chef scarf,コックのスカーフ
Stock cap,Stock cap,品出しのキャップ
Work gloves,Work gloves,軍手
Nightcap,Nightcap,ナイトキャップ
Star pajamas,Star pajamas,星のパジャマ
Pillow pack,Pillow pack,まくらのリュック
Star glasses,Star glasses,星のめがね
Little crown,Little crown,小さな王冠
Angel wings,Angel wings,天使のはね
Halo,Halo,天使の輪
Party hat,Party hat,パーティー帽
Flower crown,Flower crown,花かんむり
Leaf sprout,Leaf sprout,ふたば
Bell collar,Bell collar,鈴の首輪
Balloon,Balloon,風船
Firefly jar,Firefly jar,ほたるのびん
Bat wings,Bat wings,こうもりのはね
Moon cape,Moon cape,月のマント
Rainbow scarf,Rainbow scarf,虹のマフラー
Knit beanie,Knit beanie,ニット帽
Beret,Beret,ベレー帽
Straw hat,Straw hat,麦わら帽子
Tiny top hat,Tiny top hat,小さなシルクハット
Big bow,Big bow,大きなリボン
Round glasses,Round glasses,丸めがね
Sunglasses,Sunglasses,サングラス
Fake mustache,Fake mustache,つけひげ
Striped scarf,Striped scarf,しましまマフラー
Necktie,Necktie,ネクタイ
Raincoat,Raincoat,レインコート
Cozy sweater,Cozy sweater,ぬくぬくセーター
Overalls,Overalls,オーバーオール
Umbrella,Umbrella,かさ
Fish snack,Fish snack,おさかな
Backpack,Backpack,リュック
Tote bag,Tote bag,トートバッグ
Snail shell,Snail shell,かたつむりの殻
Flower pin,Flower pin,花のピン
Red scarf,Red scarf,赤いマフラー
Festival yukata,Festival yukata,お祭りのゆかた
Space helmet,Space helmet,宇宙のヘルメット
Dragon wings,Dragon wings,ドラゴンのはね
Head,Head,頭
Face,Face,顔
Neck,Neck,首
Body,Body,体
Hand,Hand,手
Dishwashing,Dishwashing,皿洗い
Hall,Hall,ホール
KIT_hut,Beach Hut,浜の小屋
KIT_cottage,Cozy Cottage,ちいさな家
KIT_cafe_stand,Café Stand,カフェの屋台
KIT_market_fruit,Fruit Stall,くだもの屋
KIT_market_fish,Fish Stall,さかな屋
KIT_ramen_cart,Ramen Cart,ラーメンの屋台
KIT_bench,Bench,ベンチ
KIT_log_seat,Log Seat,丸太のいす
KIT_cushion,Cushion,ざぶとん
KIT_picnic_mat,Picnic Mat,ピクニックシート
KIT_parasol_table,Parasol Table,パラソルのテーブル
KIT_hammock,Hammock,ハンモック
KIT_stone_lantern,Stone Lantern,石灯籠
KIT_paper_lantern,Paper Lantern,ちょうちん
KIT_street_lamp,Street Lamp,街灯
KIT_string_lights,String Lights,ひもの灯り
KIT_fence_wood,Wooden Fence,木の柵
KIT_fence_hedge,Hedge,生け垣
KIT_stepping_stones,Stepping Stones,飛び石
KIT_path_brick,Brick Path,れんがの道
KIT_bridge_arch,Arch Bridge,そり橋
KIT_bridge_islet,Islet Bridge,小島への橋
KIT_tree_round,Round Tree,まるい木
KIT_tree_sakura,Cherry Tree,桜の木
KIT_tree_pine,Pine,松
KIT_tree_palm,Palm Tree,ヤシの木
KIT_bush,Bush,しげみ
KIT_flower_pot,Flower Pot,植木鉢
KIT_flower_bed,Flower Bed,花壇
KIT_tulip_patch,Tulips,チューリップ
KIT_sunflowers,Sunflowers,ひまわり
KIT_pond,Pond,池
KIT_pier,Pier,桟橋
KIT_hot_spring,Hot Spring,温泉
KIT_fountain,Fountain,噴水
KIT_lighthouse,Lighthouse,灯台
KIT_torii_gate,Shrine Gate,鳥居
KIT_windmill,Windmill,風車
KIT_swing,Swing,ブランコ
KIT_slide,Slide,すべり台
KIT_sandbox,Sandbox,砂場
KIT_yarn_ball,Yarn Ball,毛糸玉
KIT_mailbox,Mailbox,郵便受け
KIT_bulletin_board,Bulletin Board,掲示板
KIT_signpost,Signpost,道しるべ
KIT_shell_pile,Shell Pile,貝がら
KIT_snowman,Snowman,雪だるま
KIT_pumpkin_patch,Pumpkin Patch,かぼちゃ畑
KIT_tanabata_bamboo,Tanabata Bamboo,七夕の笹
KIT_koinobori,Carp Streamers,こいのぼり
KIT_CAT_home,Homes,家
KIT_CAT_shop,Shops,お店
KIT_CAT_seat,Seats,座る
KIT_CAT_light,Lights,灯り
KIT_CAT_fence,Fences,柵
KIT_CAT_path,Paths & Bridges,道・橋
KIT_CAT_tree,Trees,木
KIT_CAT_flower,Flowers,花
KIT_CAT_water,Water,水
KIT_CAT_landmark,Landmarks,しるし
KIT_CAT_play,Play,あそぶ
KIT_CAT_sign,Little Things,小物
KIT_CAT_season,Seasonal,季節
KIT_CAT_premium,Special (sample store),とくべつ（見本のストア）
KIT_lighthouse_starlight,Starlight Lighthouse,星あかりの灯台
KIT_festival_yagura,Festival Tower,お祭りのやぐら
KIT_lantern_arch,Lantern Arch,ちょうちんのアーチ
MAT_wood,Wood,木材
MAT_stone,Stone,石
MAT_seed,Seeds,花の種
MAT_paper,Lantern Paper,ちょうちん紙
MAT_shell,Shells,貝がら
MAT_cloth,Cloth,布
KIT_UI_SHOP,Catalog,カタログ
KIT_UI_BUY,Buy,買う
KIT_UI_PLACE,Place,置く
KIT_UI_STORE,Store,しまう
KIT_UI_ROTATE,Rotate,回す
KIT_UI_DONE,Done,できた
KIT_UI_CLOSE,Close,とじる
KIT_UI_HAVE,You have,持っている
KIT_UI_MISSING,Need,足りない
KIT_UI_LOCKED,Unlocks when the island grows,島が広がると買える
KIT_UI_COINS,Paw Coins,肉球コイン
KIT_UI_STOCK,In storage,しまってある物
KIT_UI_BOUGHT,Bought! Drag to place it.,買った！ドラッグで置いてね
KIT_UI_TAP,Tap an item to move it,物をタップして、動かす
KIT_UI_MATS,Materials,材料
KIT_UI_DROP,Found %s ×%d,%s を %d こ見つけた
KIT_STAGE_0,Little Island,ちいさな島
KIT_STAGE_1,Beaches & Cliffs,砂浜と崖
KIT_STAGE_2,Twin Islands,ふたつの島
KIT_UI_SOON,Coming soon — sample store,準備中です（見本のストア）
KIT_UI_COSMETIC,Looks only. Gameplay stays free.,見た目だけ。遊びの進み方は変わりません
VEH_raft,Raft,いかだ
VEH_rowboat,Rowboat,ボート
VEH_ferry,Ferry,フェリー
VEH_seaplane,Seaplane,水上飛行機
VEH_helicopter,Helicopter,ヘリコプター
VEH_paper_boat,Paper Boat,紙の舟
VEH_giant_koi,Giant Koi,大きな鯉
KIT_UI_EXPAND,Expand the island,島を広げる
KIT_UI_EXPAND_PLOT,New land rises from the sea here.,ここに、海から陸がせり上がる
KIT_UI_EXPAND_ISLET,"A small islet, linked by a bridge.",橋でつながる、小さな島
KIT_UI_EXPAND_GO,Raise the land,陸をあげる
KIT_UI_EXPAND_DONE,The island grew!,島が広がった！
KIT_UI_MAXED,The island is as big as it gets.,これ以上は広げられない
KIT_UI_EXPANSIONS,Expansions %d/%d,広げた場所 %d/%d
KIT_UI_GARAGE,Dock,船着き場
KIT_UI_RIDE,Ride,これに乗る
KIT_UI_RIDING,Riding,乗っている
KIT_UI_MAKE,Build,作る
KIT_UI_VEH_NOTE,Looks only. Every vehicle travels the same and gives the same rewards.,見た目だけ。どの乗り物でも、着く速さやもらえる物は同じ
KIT_UI_TRAVEL,Heading to %s's island,%sの島へ
KIT_UI_SKIP,Skip,とばす
KIT_UI_ARRIVE,Arrived!,到着！
KIT_UI_MOCK,Mock store — no real payment,見本のストア（本当の支払いはありません）
中に、乗り物,A ride inside,中に、乗り物
乗り物,Ride,乗り物
おでかけのときに乗れる（見た目だけ）,Ride it when you visit (looks only),おでかけのときに乗れる（見た目だけ）
COIN_N,%d coins,%d コイン
COIN_HAVE_NEED,Coins %d/%d,コイン %d/%d
朝だ。光る玉が 1 個,Morning. 1 glowing orb.,朝だ。光る玉が 1 個
SHOP_HOME,Home,かえる
SHOP_IN_THEIR_WORDS,"In their words: ""%s""",お店のことば：「%s」
SHOP_BASED_ON,Based on %d worker reviews,働いた人の評価 %d 件から
SHOP_RULE,Landmarks grow only from worker reviews. Shops can't buy them.,目印は、働いた人の評価だけで育ちます。お金では買えません。
SHOP_HINT,Tap a landmark · Tap the ground to walk,目印をタップ・地面をタップで歩く
SHOP_SAMPLE_NOTE,Sample shop and sample reviews for the demo,見本のお店と、見本の評価です
SHOP_SPROUT,Sprout,芽
SHOP_LEVEL,Level %d of %d,段 %d / %d
SHOP_CLOSE,Close,とじる
SHOP_WORKERS_SAID,Workers said: %s ×%d,働いた人の声：%s ×%d
SHOP_SPROUT_BODY,A few workers said this. It grows as more workers say so.,何人かが、そう言っています。声が集まると育ちます。
SHOP_LM_CLOCK_TOWER,Clock tower,時計台
SHOP_LM_CLOCK_TOWER_BODY,It lights up when shifts end on time. Workers here get home when they planned.,シフトが時間どおりに終わる店で灯る時計台。予定どおりに帰れる職場です。
SHOP_LM_REST_GROVE,Rest grove,休憩の木立
SHOP_LM_REST_GROVE_BODY,Hammocks and benches for real breaks. Workers here say breaks are respected.,ちゃんと休めるハンモックとベンチ。ここでは休憩がとれる、という声です。
SHOP_LM_GUIDE_POST,Guide post,道しるべ
SHOP_LM_GUIDE_POST_BODY,Clear arrows for clear instructions. First-timers can find their way on day one.,はっきりした矢印は、わかりやすい説明のしるし。はじめての日から迷いません。
SHOP_LM_PAYDAY_BELL,Payday bell,給料日の鐘
SHOP_LM_PAYDAY_BELL_BODY,A bell that always rings on time. Workers here say pay arrives when promised.,いつも時間どおりに鳴る鐘。約束の日に給料が届く、という声です。
SHOP_LM_LANTERN_PATH,Lantern path,灯りの小道
SHOP_LM_LANTERN_PATH_BODY,Warm lights along the path. Workers here say the team is kind.,小道に並ぶ、あたたかい灯り。人がやさしい、という声です。
SHOP_LM_FAIR_FOUNTAIN,Fair fountain,つりあいの噴水
SHOP_LM_FAIR_FOUNTAIN_BODY,"Two bowls, always level. Busy days, but the work is shared fairly.",いつも同じ高さの、ふたつの受け皿。忙しくても、仕事は公平に分けられます。
SHOP_LM_WELCOME_ARCH,Welcome-back arch,おかえりのアーチ
SHOP_LM_WELCOME_ARCH_BODY,Flowers by the pier for returning workers. Many would work here again.,桟橋のそばの花のアーチ。また働きたい、という人がたくさんいます。
SHOP_VALUES_CAFE,A calm pace and a warm cup on every shift.,あわてないペースと、あたたかい一杯を。
SHOP_VALUES_IZAKAYA,"Lively nights, and we look out for each other.",にぎやかな夜も、おたがいさまで。
SHOP_VALUES_KONBINI,"Clear steps, so anyone can start on day one.",だれでも初日から動ける、はっきりした手順。
SHOP_VALUES_WAREHOUSE,"Safety first, and breaks on the clock.",安全がいちばん。休憩は時間どおりに。
SHOP_VALUES_BAKERY,"Early mornings, fresh bread, home by noon.",朝は早く、パンは焼きたて、お昼には帰れる。
SHOP_VALUES_SUPERMARKET,Friendly aisles and fair shifts for everyone.,やさしい売り場と、みんなに公平なシフト。
SHOP_VALUES_RESTAURANT,"Good food, good teamwork, no rush in training.",おいしい料理と、いいチームワーク。教えるのはゆっくり。
SHOP_VALUES_SHOP,A small shop with a big welcome for first-timers.,小さなお店。はじめての人を大歓迎。
JOB_VISIT_ISLAND,Visit this shop's island,このお店の島を見にいく
WORK_MENU_SHOPS,Shops you've worked at,働いたお店の島
SHOPS_TITLE,Shops you've worked at,働いたお店
SHOPS_BODY,Each shop's island grows only from worker reviews.,お店の島は、働いた人の評価だけで育ちます。
SHOPS_EMPTY,No finished shifts yet. Here are sample shops to visit.,まだ働き終えたシフトがありません。見本のお店を見にいけます。
SHOPS_SAMPLE,Sample,見本
SHOPS_VISIT,Visit,見にいく
INVITE_CHIP,Invited,おさそい
INVITE_NOTE,%s would love you back,%s が、また来てほしいって
INVITE_SAY,%s would love you back!,%s から、また来てほしいって！
REMIND_EVE_TITLE,Tomorrow %s · %s,あした %s・%s
REMIND_EVE_SUB,See you there!,また向こうでね！
REMIND_AM_TITLE,Leaving at %s?,%s に出る？
REMIND_AM_SUB,%s · %s–%s,%s・%s–%s
REMIND_EVE_BODY,"Pack your things tonight. If plans change, that's okay too.",持ち物は今夜のうちに。予定が変わっても、だいじょうぶ。
REMIND_AM_BODY,"Have a good shift! If you can't make it, just let the shop know.",いってらっしゃい！ 行けなくなったら、お店に知らせればだいじょうぶ。
REMIND_OK,Got it,わかった
SKILL_SHIFTS_1,1 shift,シフト1回
SKILL_SHIFTS_N,%d shifts,シフト%d回
SK_PILL,My skills,マイスキル
SK_TITLE,My skills,マイスキル
SK_SAY,%s: This record is yours. It comes with you to every shop.,%s「この記録は、あなたのもの。どのお店にも持っていけるよ」
SK_NO_BADGE,No badge yet,バッジはまだ
SK_NO_SHIFTS,no shifts yet,シフトはまだ
SK_PRACTICE,Practice,おさらい
SK_AGAIN,Again,もう一度
SK_NOTE,Practice is optional and just for you. Shops can't require it: training a shop requires is paid work time.,おさらいは任意で、自分のためのもの。お店が求めることはできません（お店が命じる研修は労働時間で、賃金が出ます）
SK_CARD_YOURS,Your skill: %s,あなたのスキル：%s
SK_CARD_SUGGEST,New role? Want a 2-minute practice? (optional),はじめての仕事？ 2分のおさらい、する？（任意）
PR_LEAVE,Leave,やめる
PR_HEAD,Practice · %s %s,おさらい・%s %s
PR_NO_TIMER,Optional · no timer,任意・時間制限なし
PR_INTRO_SAY,%s: Let's practice together. Mistakes are fine!,%s「いっしょに練習しよ。まちがえても大丈夫！」
PR_TITLE_REGISTER,Register practice,レジのおさらい
PR_TITLE_DISH,Dishwashing practice,皿洗いのおさらい
PR_TITLE_HALL,Hall practice,ホールのおさらい
PR_TITLE_KITCHEN,Kitchen practice,キッチンのおさらい
PR_TITLE_STOCK,Stocking practice,品出しのおさらい
PR_ABOUT_REGISTER,"Take the order, pick the items, give the right change, and send them off with a smile.",注文を聞いて、品をそろえて、おつりを正しく渡して、笑顔で見送る。
PR_ABOUT_DISH,"Wash the lightest mess first, scrub, and put each piece where it won't break.",汚れの軽い物から洗って、こすって、割れない場所に置く。
PR_ABOUT_HALL,"Seat each group at the best table, then carry dishes to the right table number.",お客さんをちょうどいい席へ案内して、伝票の番号の席へ料理を運ぶ。
PR_ABOUT_KITCHEN,"Hands first, then follow the ticket step by step.",まず手洗い。それから伝票どおりに、ひとつずつ。
PR_ABOUT_STOCK,"Older dates in front, newer at the back. Then face the labels forward.",日付の古い物を前に、新しい物を奥に。最後にラベルを正面へ。
PR_LV_GOT,got it,取った
PR_LV_OPEN,try,挑戦
PR_LV_LOCKED,later,あとで
PR_LV_LOCKED_SAY,Try %s first. No rush!,まず %s から。あわてなくていいよ
PR_START,Start (about 2 min),はじめる（2分くらい）
PR_GENERAL_NOTE,General skills that work at any shop. Each shop will show you its own way.,どのお店でも通じる基本だけ。お店ごとのやり方は、そのお店が教えてくれます。
PR_GO_SAY,Here we go!,よーし、いこう！
PR_GOOD_1,Nice!,いいね！
PR_GOOD_2,That's it!,そうそう！
PR_GOOD_3,Great job!,じょうず！
PR_DONE_NEW,%s %s badge!,%s %s のバッジ！
PR_DONE_AGAIN,Practice complete!,おさらい完了！
PR_DONE_BODY,Saved to your skill record. It stays with you at every shop.,スキルの記録に残したよ。どのお店に移っても消えない。
PR_REWARD_CLOTH,New uniform: %s,新しい制服：%s
PR_REWARD_POI,%s ×%d,%s ×%d
PR_REWARD_POI_FULL,Your scoops are already full,ポイはもういっぱい
PR_SEE_UNIFORM,Try it on,着てみる
PR_NEXT_LEVEL,Next: %s,次は %s
PR_AGAIN,Practice again,もう一度
PR_MY_SKILLS,My skills,マイスキル
PR_ITEM_COFFEE,Coffee,コーヒー
PR_ITEM_TEA,Tea,紅茶
PR_ITEM_JUICE,Juice,ジュース
PR_ITEM_COOKIE,Cookie,クッキー
PR_ITEM_SANDWICH,Sandwich,サンド
PR_ITEM_ONIGIRI,Rice ball,おにぎり
PR_REG_WAIT,A customer is coming…,お客さんが来るよ…
PR_REG_ORDER,"%s, please!",%s、ください！
PR_REG_SAY_ORDER,Welcome! Let's get their order.,いらっしゃいませ！ 注文をそろえよう
PR_REG_TASK_ITEMS,Pick the items they asked for,言われた品をそろえよう
PR_REG_HINT_ITEMS,Check the yellow bubble for what they want.,黄色の吹き出しを見てね
PR_REG_OOPS_ITEM,"Hmm, they didn't ask for that one. Check the order again.",それは頼まれてないかも。もう一度注文を見てみよう
PR_REG_OOPS_ENOUGH,We already have enough of that one.,それはもう足りてるよ
PR_REG_GOOD_ITEMS,All there! Now the money.,そろった！ 次はお会計
PR_REG_PAID,Here's %s.,%sで
PR_REG_SAY_CHANGE,Count the change onto the tray.,おつりを皿にのせよう
PR_REG_TASK_CHANGE,Give the right change,おつりを正しく渡そう
PR_REG_HINT_CHANGE_1,Change: %s,おつり：%s
PR_REG_HINT_CHANGE,Paid %s − total %s = change. Count up from the total.,あずかり %s − 合計 %s = おつり。合計から数え上げるとかんたん
PR_REG_GIVING,On the tray: %s,皿の上：%s
PR_REG_UNDO,Start over,やり直す
PR_REG_HAND,Hand over,渡す
PR_REG_OOPS_MORE,Almost! %s more.,あと少し！ あと%s
PR_REG_OOPS_LESS,That's %s too much. Let's count again.,%s多いよ。もう一度数えよう
PR_REG_GOOD_CHANGE,Right change!,おつりぴったり！
PR_REG_TASK_PHRASE,Send them off with the right words,ひとことで見送ろう
PR_REG_HINT_PHRASE,A warm goodbye makes people want to come back.,あたたかい見送りは、また来たくなる
PR_REG_PHRASE_OK,"Thank you, come again!",ありがとうございました、またどうぞ！
PR_REG_PHRASE_NEXT,Next!,次の方！
PR_REG_PHRASE_HURRY,Please hurry up.,早くしてください
PR_REG_OOPS_PHRASE,"Hmm, a bit cold. Try a warmer goodbye.",ちょっと冷たいかも。あたたかいひとことにしよう
PR_REG_THANKS,Thanks!,ありがとう！
PR_DISH_GLASS,Glasses,グラス
PR_DISH_PLATE,Plates,お皿
PR_DISH_PAN,Pans,フライパン
PR_DISH_TASK_PICK,What should we wash next?,次はどれを洗う？
PR_DISH_HINT_ORDER,"Lightest mess first: glasses, then plates, then greasy pans.",汚れの軽い物から：グラス → お皿 → 油のフライパン
PR_DISH_OOPS_ORDER_GLASS,Glasses first! Greasy water makes them cloudy.,グラスが先！ 油の水だとくもっちゃう
PR_DISH_OOPS_ORDER_PLATE,Plates before pans. Save the greasy ones for last.,フライパンより先にお皿。油汚れは最後に
PR_DISH_SCRUB,Scrub,こする
PR_DISH_TASK_SCRUB,Scrub the %s,%sをこすろう
PR_DISH_HINT_SCRUB,Tap to scrub until it's clean.,きれいになるまでタップ
PR_DISH_GOOD_CLEAN,Squeaky clean!,ピカピカ！
PR_DISH_TASK_RACK,Where does it go so it won't break?,割れないのは、どこに置く？
PR_DISH_HINT_RACK,"Glasses upside down, plates standing, pans on the hook.",グラスは逆さ、お皿は立てて、フライパンはフック
PR_DISH_RACK_CUPS,Cup rack,グラス置き
PR_DISH_RACK_PLATES,Plate rack,お皿立て
PR_DISH_RACK_HOOKS,Pan hook,フック
PR_DISH_RACK_SUB_CUPS,upside down,逆さに
PR_DISH_RACK_SUB_PLATES,standing up,立てて
PR_DISH_RACK_SUB_HOOKS,hang it,つるす
PR_DISH_OOPS_RACK_GLASS,"Careful, it could tip and break there. Glasses go upside down in the cup rack.",そこだと倒れて割れそう。グラスはグラス置きに逆さに
PR_DISH_OOPS_RACK_PLATE,"Careful, it could slide and break. Plates stand in the plate rack.",そこだと滑って割れそう。お皿はお皿立てに
PR_DISH_OOPS_RACK_PAN,Too heavy for there. Hang the pan on the hook.,そこには重すぎるかも。フライパンはフックに
PR_DISH_GOOD_ALL,"All clean, nothing broken!",全部きれい、割れ物なし！
PR_HALL_PASS,Pass,受け渡し口
PR_HALL_TABLE,Table %d,%d番
PR_HALL_SEATS,%d seats,%d席
PR_HALL_TAKEN,taken,使用中
PR_HALL_GROUP_1,"Table for one, please.",1人です
PR_HALL_GROUP_N,"Table for %d, please.",%d人です
PR_HALL_SAY_WELCOME,Welcome! Which table fits best?,いらっしゃいませ！ どの席がいいかな
PR_HALL_TASK_SEAT,Seat the group,お客さんを席へ案内しよう
PR_HALL_HINT_SEAT,Pick the smallest free table that fits. Keep big tables for big groups.,座れる中で、いちばん小さい席。大きい席は大人数のために
PR_HALL_OOPS_TAKEN,Someone is already sitting there.,そこは、もう座っているよ
PR_HALL_OOPS_SMALL,Only %d seats there. Not enough room.,そこは%d席。座りきれないよ
PR_HALL_OOPS_BIG,"That fits, but a smaller table is free. Keep the big one for a bigger group.",座れるけど、小さい席もあいてるよ。大きい席は大人数に
PR_HALL_SAY_THIS_WAY,"This way, please!",こちらへどうぞ！
PR_HALL_TICKET,Table %d: %s,%d番：%s
PR_HALL_SAY_UP,Order up! Check the table number.,料理ができた！ 番号を見よう
PR_HALL_TASK_CARRY,Carry it to the right table,正しい席へ運ぼう
PR_HALL_HINT_CARRY,The ticket number tells you where it goes.,伝票の番号が運ぶ席
PR_HALL_OOPS_TABLE,The ticket says table %d. Let's check again.,伝票は%d番だよ。もう一度見てみよう
PR_HALL_SAY_SERVE,Here you go. Enjoy!,お待たせしました、どうぞ！
PR_HALL_GOOD_ALL,Everyone is seated and served!,みんな座って、料理も届いた！
PR_HALL_DISH_PASTA,Pasta,パスタ
PR_HALL_DISH_CURRY,Curry,カレー
PR_HALL_DISH_SALAD,Salad,サラダ
PR_HALL_DISH_SOUP,Soup,スープ
PR_KIT_SINK,Hand sink,手洗い
PR_KIT_TICKET_BACK,Ticket,伝票
PR_KIT_STEP_WASH,Wash hands,手を洗う
PR_KIT_STEP_CAP,Put on a cap,帽子をかぶる
PR_KIT_STEP_READ,Read the ticket,伝票を読む
PR_KIT_STEP_COOK,Cook,作る
PR_KIT_STEP_PLATE,Plate it,盛りつける
PR_KIT_STEP_WIPE,Wipe the counter,台をふく
PR_KIT_TASK_FIRST,What comes first?,最初にすることは？
PR_KIT_TASK_STEP,What's next?,次は？
PR_KIT_HINT_STEP,"Clean hands, clean food. Then follow the ticket.",きれいな手で、きれいな料理。それから伝票どおり
PR_KIT_OOPS_WASH_FIRST,Hands first! Always wash before touching food.,まず手洗い！ 食べ物にさわる前に必ず
PR_KIT_OOPS_ORDER,Not yet. What comes before that?,まだ早いかも。その前にすることは？
PR_KIT_OOPS_DONE,We already did that one.,それはもうやったよ
PR_KIT_OOPS_NOT_TODAY,"Good idea, but this kitchen doesn't need it today.",いい考え。でも今日はいらないよ
PR_KIT_TASK_WASH,Wash your hands,手を洗おう
PR_KIT_HINT_WASH,"Soap every part: palms, backs, fingers, thumbs. Then rinse.",手のひら・手の甲・指の間・親指まで、石けんで。最後に流す
PR_KIT_SAY_WASH,Scrub scrub!,ごしごし！
PR_KIT_WASH_PALMS,Palms,手のひら
PR_KIT_WASH_BACKS,Backs of hands,手の甲
PR_KIT_WASH_FINGERS,Between fingers,指の間
PR_KIT_WASH_THUMBS,Thumbs & nails,親指とつめ
PR_KIT_WASH_RINSE,Rinse,流す
PR_KIT_GOOD_WASH,Clean hands!,手がきれい！
PR_KIT_GOOD_CAP,Hair tucked away!,髪をまとめた！
PR_KIT_GOOD_READ,Got the ticket.,伝票を読んだ
PR_KIT_NO,No %s (allergy),%s抜き（アレルギー）
PR_KIT_TASK_COOK,Add what the ticket says,伝票の材料を入れよう
PR_KIT_HINT_COOK,Only what's on the ticket.,伝票にある物だけ
PR_KIT_OOPS_AVOID,The ticket says no %s. Allergy notes really matter.,伝票に「%s抜き」。アレルギーのメモは大事
PR_KIT_OOPS_NOT_ON_TICKET,That's not on the ticket.,それは伝票にないよ
PR_KIT_OOPS_ALREADY,Already in the pan.,もう入ってるよ
PR_KIT_GOOD_COOK,Smells good!,いいにおい！
PR_KIT_GOOD_PLATE,Looks tasty!,おいしそう！
PR_KIT_TASK_WIPE,Wipe the counter clean,台をふこう
PR_KIT_WIPE,Wipe,ふく
PR_KIT_GOOD_ALL,"Order ready, kitchen clean!",料理できた、台もきれい！
PR_DISH_NAME_OMELET,Omelet,オムレツ
PR_DISH_NAME_FRIED_RICE,Fried rice,チャーハン
PR_DISH_NAME_SALAD,Salad,サラダ
PR_DISH_NAME_SOUP,Soup,スープ
PR_ING_EGG,Egg,たまご
PR_ING_CHEESE,Cheese,チーズ
PR_ING_RICE,Rice,ごはん
PR_ING_ONION,Onion,玉ねぎ
PR_ING_LETTUCE,Lettuce,レタス
PR_ING_TOMATO,Tomato,トマト
PR_STOCK_DATES,"On shelf: %s
New box: %s","たなの品：%s
届いた箱：%s"
PR_STOCK_SAY_BOX,A new box! Check the dates.,新しい箱！ 日付を見よう
PR_STOCK_TASK_BOX,Where does the new one go?,新しいのは、どこに置く？
PR_STOCK_HINT_FIFO,"First in, first out: older dates in front, newer at the back.",先入れ先出し：古い日付を前、新しい日付を奥
PR_STOCK_FRONT,In front,前へ
PR_STOCK_FRONT_SUB,sells first,先に売れる
PR_STOCK_BACK,At the back,奥へ
PR_STOCK_BACK_SUB,sells later,あとで売れる
PR_STOCK_OOPS_BACK,This one is newer. Put it behind so the older one sells first.,こっちが新しい。古い物が先に売れるよう、奥へ
PR_STOCK_OOPS_FRONT,Look closely: this one is older! It goes in front.,よく見て：こっちのほうが古い！ 前へ
PR_STOCK_GOOD_BOX,Nice rotation!,きれいに入れ替えた！
PR_STOCK_SAY_FACE,Some labels are turned away.,ラベルがそっぽを向いてる
PR_STOCK_TASK_FACE,Face the items,前出ししよう
PR_STOCK_HINT_FACE,Pull them to the front and turn the labels forward.,手前に出して、ラベルを正面に
PR_STOCK_FACE,Face it,正面に
PR_STOCK_GOOD_ALL,Shelf looks great!,たながきれい！
CHAT_TALK,Talk,話す
CHAT_INPUT_ME,Say anything…,なんでも話してね…
CHAT_INPUT_SHOP,Ask the shop's cat…,お店の猫に聞く…
CHAT_SEND,Send,送る
CHAT_YOU_VIA,You · %s,あなた・%s
CHAT_SHOP_CAT,%s's cat,%sの猫
CHAT_PROTECT_LINK,How this chat protects you,このチャットの守り方
CHAT_PROTECT_TITLE,How this chat protects you,このチャットが、あなたを守ること
CHAT_PROTECT_1,The shop never sees your phone number or your real contacts.,お店に電話番号や本当の連絡先は伝わりません。
CHAT_PROTECT_2,Shop messages are only delivered 8:00–21:00. At night they wait until morning.,お店からのメッセージは 8:00〜21:00 だけ届きます。夜の分は朝まで待ちます。
CHAT_PROTECT_3,"A shop can only message you about a shift you accepted, or an invite.",お店が話しかけられるのは、あなたが受けたシフトか招待があるときだけ。
CHAT_PROTECT_4,Any shop message can be reported. Paw Time checks it.,お店のメッセージは通報できます。Paw Time が確かめます。
CHAT_RELAYED,%s passed this on,%sが伝えたよ
CHAT_NICE,%s phrased it nicely and passed it on,%sがていねいに言いかえて伝えたよ
CHAT_AUTO,Auto answer from the shop's info,お店の情報からの自動の答え
CHAT_FROM_STAFF,From the shop (staff),お店（スタッフ）から
CHAT_DELIVERED_AT,Delivered at %s,%sに届きました
CHAT_REPORT,Report,通報する
CHAT_REPORTED,Reported. Paw Time will check it.,通報しました。Paw Time が確かめます。
CHAT_HELD,The shop's reply will be delivered at %s.,お店の返事は %s に届きます。
CHAT_HELD_WHY,Shops can't message you 21:00–8:00. It waits until morning.,21:00〜8:00 はお店から届きません。朝まで待ちます。
CHAT_SWAP_BADGE,Swap requested,交代をお願い中
CHAT_TELL_YES,"Yes, tell them anonymously",うん、名前を伏せて伝えて
CHAT_TELL_NO,"No, keep it between us",ううん、ふたりの秘密にして
CHAT_TELL_DONE_YES,"Sent anonymously, as a kind of issue only.",困りごとの種類だけ、名前を伏せて伝えました。
CHAT_TELL_DONE_NO,Not sent. It stays between you two.,伝えていません。ふたりだけの話です。
CHAT_SUPPORT,Report to Paw Time support (anonymous),Paw Time の窓口に知らせる（名前は伏せる）
CHAT_SUPPORT_DONE,Reported to Paw Time support without your name.,名前を伏せて、Paw Time の窓口に知らせました。
CHAT_TELL_NOTE,"Only the kind of issue is passed on, never your words. Shops see it only when 5+ workers say the same.",伝わるのは困りごとの種類だけで、あなたの言葉は伝わりません。お店に見えるのは、同じ声が5人以上そろってから。
CHAT_CRISIS_TITLE,You're not alone,ひとりで抱えなくていい
CHAT_CRISIS_BODY,"There are free, confidential places in Japan to talk by phone, chat or social media. The Ministry of Health, Labour and Welfare lists them on ""まもろうよ こころ"".",電話・チャット・SNSで、無料で秘密を守って話せる窓口があります。厚生労働省の「まもろうよ こころ」にまとまっています。
CHAT_CRISIS_OPEN,"Open ""まもろうよ こころ""",「まもろうよ こころ」を開く
CHAT_CRISIS_NOTE,"If you are in danger right now, please contact emergency services.",いま危ない状況なら、すぐに救急や警察に連絡してください。
CHAT_MENU_SHOPS,Shift chats,シフトのチャット
CHAT_MENU_DELETE,Delete chat,チャットを消す
CHAT_MENU_ALL,All chats,チャットの一覧
CHAT_CLOSE,Close,閉じる
CHAT_DELETE_TITLE,Delete this chat?,このチャットを消す？
CHAT_DELETE_BODY,"It only lives on this device, so it can't be brought back.",この端末にしか無いので、元には戻せません。
CHAT_DELETE_YES,Delete,消す
CHAT_DELETE_NO,Cancel,やめる
CHAT_LIST_TITLE,Chats,チャット
CHAT_LIST_SUB,"Your partner, and the shops of your shifts",パートナーと、シフトのお店
CHAT_LIST_SHIFTS,Your shifts,あなたのシフト
CHAT_LIST_NONE,"No shifts yet. When you accept one, you can talk to that shop's cat here.",まだシフトがありません。仕事を受けると、ここでお店の猫と話せます。
CHAT_LIST_NOTE,Shops can only talk to you about shifts you accepted.,お店と話せるのは、あなたが受けたシフトのことだけ。
CHAT_NOW,Now,いま
CHAT_PAST,Done,終わった
CHAT_ASK_SHOP,Ask the shop,お店に聞く
CHAT_DEMO_Q,Can I park my bike nearby?,近くに自転車を停められますか？
CS_HELLO,Hi! I'm this shop's cat. Ask me anything about your shift ♪,こんにちは！このお店の猫です。シフトのこと、なんでも聞いてね♪
CS_CHIP_WEAR,What should I wear?,何を着ていけばいい？
CS_CHIP_ENTRANCE,Where's the staff entrance?,スタッフの入口はどこ？
CS_CHIP_BREAK,Is there a meal/break?,まかないや休憩はある？
CS_CHIP_LATE,I'm running ~10 min late,10分くらい遅れそう
CS_CHIP_SWAP,Can I swap this shift?,このシフト、交代できる？
CS_CHIP_THANKS,Thank you for today!,今日はありがとう！
CS_T_LATE,Running about 10 minutes late — I'm so sorry! I'm on my way.,10分ほど遅れそうです。申し訳ありません！いま向かっています。
CS_T_SWAP,Would it be possible to swap this shift? Sorry for the trouble. I'll keep it until someone confirms.,このシフトを交代していただくことはできますか？ご迷惑をおかけしてすみません。決まるまでは入る予定のままにしておきます。
CS_T_THANKS,Thank you for today! It was a good shift.,今日はありがとうございました！いいシフトでした。
CS_ACK_LATE,Got it! I told %s. Take care on the way.,わかった！%sさんに伝えたよ。気をつけて来てね。
CS_ACK_SWAP,Got it. I passed it to %s. You'll hear back here.,わかった。%sさんに渡したよ。返事はここに届くね。
CS_ASK_MANAGER,"Hmm, I'm not sure. I'll ask the manager ♪",うーん、わからないから店長に聞いてくるね♪
CS_ASK_FOR,"When you arrive, ask for %s.",着いたら%sさんを呼んでね。
CS_STAFF_LATE,"Thanks for letting us know, no problem! See you soon. — %s",連絡ありがとう、大丈夫ですよ！気をつけて。（%s）
CS_STAFF_SWAP,Thanks for asking early. We'll look for someone and confirm here. — %s,早めにありがとう。代わりの人を探して、ここで知らせますね。（%s）
CS_STAFF_THANKS,Thank you too! You were a great help. Hope to see you again. — %s,こちらこそ、ありがとう！助かりました。またよろしくね。（%s）
CS_STAFF_OTHER,Thanks for asking! Let me check and get back to you before your shift. — %s,質問ありがとう！確認して、シフトの前にお返事しますね。（%s）
CS_NAME_0,Aya,あや
CS_NAME_1,Kenta,けんた
CS_NAME_2,Mika,みか
CS_NAME_3,Haruto,はると
CS_NAME_4,Nana,なな
CS_NAME_5,Yuki,ゆき
CS_NAME_6,Sora,そら
CS_NAME_7,Rin,りん
CS_WEAR_CAFE,"A plain black or white top, dark trousers and comfy shoes. Apron provided.",黒か白の無地のトップス、暗い色のパンツ、歩きやすい靴で。エプロンは貸します。
CS_DOOR_CAFE,"The staff door is at the back, next to the bike racks. Ring the bell.",スタッフの入口は裏手、自転車置き場の横。ベルを鳴らしてね。
CS_BREAK_CAFE,"A 15-minute break on a 4–5 hour shift, with a free drink.",4〜5時間のシフトで15分休憩。飲み物1杯つき。
CS_WEAR_IZAKAYA,"Black T-shirt, black trousers and non-slip shoes. Happi coat provided.",黒Tシャツ、黒パンツ、すべりにくい靴で。はっぴは貸します。
CS_DOOR_IZAKAYA,"The side door in the alley, left of the red lanterns.",路地側の通用口、赤ちょうちんの左です。
CS_BREAK_IZAKAYA,A 30-minute break with a staff meal (makanai).,30分休憩、まかないつき。
CS_WEAR_KONBINI,Uniform provided. Plain trousers and clean sneakers.,制服は貸します。無地のパンツと、きれいなスニーカーで。
CS_DOOR_KONBINI,"The back door by the loading area. If it's locked, say hi at the register.",搬入口の横の裏口から。閉まっていたらレジに声をかけてね。
CS_BREAK_KONBINI,"15 minutes for every 4 hours, in the back room.",4時間ごとに15分、奥の部屋で休憩。
CS_WEAR_WAREHOUSE,Clothes you can move in and closed-toe shoes. Gloves provided.,動きやすい服と、つま先の出ない靴で。軍手は貸します。
CS_DOOR_WAREHOUSE,Gate B security office. Show your shift screen in Paw Time.,B門の守衛室へ。Paw Time のシフト画面を見せてね。
CS_BREAK_WAREHOUSE,A 45-minute lunch break in the break room. Vending machines inside.,休憩室で45分のお昼休憩。自販機あり。
CS_WEAR_BAKERY,"Hair tied back, no nail polish. Cap and apron provided.",髪はまとめて、ネイルはなしで。帽子とエプロンは貸します。
CS_DOOR_BAKERY,The back door on the side street. Knock twice.,横の道の裏口から。2回ノックしてね。
CS_BREAK_BAKERY,A 15-minute break. Some days there's leftover bread ♪,15分休憩。売れ残りのパンがもらえる日も♪
CS_WEAR_SUPERMARKET,Uniform vest provided. Dark trousers and sneakers.,制服のベストは貸します。暗い色のパンツとスニーカーで。
CS_DOOR_SUPERMARKET,The staff entrance is at the back of the car park.,駐車場の奥にスタッフの入口があります。
CS_BREAK_SUPERMARKET,"15 minutes per 4 hours, 45 minutes over 6 hours, in the staff room.",4時間で15分、6時間をこえると45分。休憩室で。
CS_WEAR_RESTAURANT,"Black top and trousers, non-slip shoes. Apron provided.",黒のトップスとパンツ、すべりにくい靴で。エプロンは貸します。
CS_DOOR_RESTAURANT,"The back entrance, next to the kitchen exit.",厨房の出口の横の、裏口からどうぞ。
CS_BREAK_RESTAURANT,A break with a half-price staff meal.,休憩あり。まかないは半額。
CS_WEAR_SHOP,Neat casual clothes. Name badge provided.,きれいめの普段着で。名札は貸します。
CS_DOOR_SHOP,"Come in the front, then through the door marked STAFF.",正面から入って、「STAFF」と書いた扉へ。
CS_BREAK_SHOP,A 15-minute break. Lockers available.,15分休憩。ロッカーあり。
CC_TODAY,About today…,今日のこと…
CC_NERVOUS,Nervous about tomorrow,明日が不安
CC_TIRED,I'm tired,つかれた
CC_SHOP,Tell me about the shop,お店のこと教えて
CC_ISLAND,How's the island?,島はどう？
CC_PROBLEM,Something happened at work,仕事で困ったことがあった
CC_TODAY_GOOD,It went well!,うまくいった！
CC_TODAY_MEH,Meh. Just okay.,まあまあ
CC_NERVOUS_PLAN,Give me a tiny plan,小さな作戦ちょうだい
CC_NERVOUS_OK,I'll manage,なんとかなるかも
CC_TIRED_SLEEPY,Just a bit worn out,ちょっとくたびれただけ
CC_TIRED_MORE,It's more than tired,疲れた、だけじゃない
CC_TIRED_OK,I'll be okay,たぶん大丈夫
CC_ISLAND_FAV,Who's your favourite?,いちばん好きな子は？
CC_PROB_YELLED,My manager yelled at me,店長に怒鳴られた
CC_PROB_BREAK,I couldn't take a break,休憩がとれなかった
CC_PROB_PAY,I wasn't paid on time,給料が遅れた
CC_CRISIS_CANTGO,I can't go on,もう無理かも
CC_CRISIS_DISAPPEAR,I want to disappear,消えたい
CC_CRISIS_STAY,Can you stay with me?,そばにいてくれる？
CC_CRISIS_OK,Thank you,ありがとう
CC_ASK_SHOP,Ask the shop's cat,お店の猫に聞く
CM_HELLO,Hi! I'm right here. How are you doing?,やあ！ここにいるよ。調子はどう？
CM_LISTEN,"I'm listening. Tell me more, or pick one below.",うん、聞いてるよ。もっと話してもいいし、下から選んでもいいよ。
CM_TODAY,How was today? Tell me the good bit first.,今日はどうだった？いいことから教えて。
CM_TODAY_GOOD,Yay! I'm keeping that one in my pocket.,やったね！それ、ポケットにしまっておくね。
CM_TODAY_MEH,Some days are just days. You still went. That counts.,ふつうの日もあるよ。でも行った。それで十分。
CM_NERVOUS,New places are scary. That's normal. Want to make it smaller?,知らない場所は、こわいよね。ふつうのことだよ。小さくしてみる？
CM_NERVOUS_PLAN,Pack tonight. Leave 10 minutes early. Ask one question when you arrive. That's all. I'll be in your pocket.,今夜のうちに準備。10分早く出る。着いたら1つだけ質問する。それだけ。ポケットにいるからね。
CM_NERVOUS_OK,You will. And I'll be cheering.,きっと大丈夫。応援してるよ。
CM_TIRED,"You worked hard. Water, a snack, and early bed?",よくがんばったね。お水、おやつ、早めのおふとん？
CM_TIRED_SLEEPY,Then let's take it easy tonight. The island will wait.,じゃあ今夜はのんびりしよう。島は待っててくれるよ。
CM_TIRED_MORE,Thank you for telling me. Is it heavy in a different way?,話してくれてありがとう。別の重さがある感じ？
CM_TIRED_OK,Okay. I'm right here if that changes.,わかった。変わったら、いつでもここにいるよ。
CM_SHOP,"Your next shift is at %s, %s. Want me to ask their cat anything?",次のシフトは %s、%s。お店の猫に何か聞いてこようか？
CM_SHOP_NONE,"No shifts yet. When you pick one, I'll introduce you to the shop's cat!",まだシフトはないよ。仕事を受けたら、お店の猫を紹介するね！
CM_ISLAND,The island's doing great. I've met %d friends so far!,島は元気だよ。いままでに %d 体の仲間に会えた！
CM_ISLAND_FAV,My favourite is you. Don't tell the others.,いちばんはあなた。みんなにはないしょね。
CM_PROBLEM,Oh no. What happened?,えっ、何があったの？
CM_PROB_YELLED,"That's not okay, and it's not your fault.",それはよくない。あなたのせいじゃないよ。
CM_PROB_BREAK,"You should get your break. That's the rule, not a favour.",休憩はとっていいんだよ。お願いじゃなくて、決まりだから。
CM_PROB_PAY,You did the work. Being paid on time matters.,ちゃんと働いたんだもん。給料が期日に払われるのは大事なこと。
CM_TELL_ASK,"Want me to tell %s anonymously? I'll only pass on the kind of issue, not your words.",%sに、名前を伏せて伝えようか？伝えるのは困りごとの種類だけで、あなたの言葉は伝えないよ。
CM_TELL_NOSHOP,"I'm sorry that happened. You can let Paw Time support know, without your name.",それはつらかったね。名前を伏せて、Paw Time の窓口に知らせることもできるよ。
CM_TELL_SENT,Sent anonymously. Shops see it only when 5+ workers say the same.,名前を伏せて送ったよ。お店に見えるのは、同じ声が5人以上そろってから。
CM_TELL_KEPT,Okay. I won't say a thing. It stays between us.,わかった。だれにも言わない。ふたりの秘密ね。
CM_SUPPORT_SENT,"I let Paw Time support know, without your name. They look at patterns and can step in.",名前を伏せて、Paw Time の窓口に知らせたよ。同じことが続いていないか見て、動いてくれるよ。
CM_CRISIS,I'm really glad you told me. You don't have to carry this alone.,話してくれて、本当にありがとう。ひとりで抱えなくていいんだよ。
CM_CRISIS_CARD,Talking to someone can help. Here's a place you can reach out to.,だれかに話すと、少し軽くなることがあるよ。相談できる場所をのせておくね。
CM_CRISIS_STAY,I'm staying right here. Let's breathe together: in… and out.,ずっとここにいるよ。いっしょに息をしよう。すって…はいて。
CM_CRISIS_OK,Anytime. I'm always on your side.,いつでもね。ずっとあなたの味方だよ。
CHAT_AUTO_CAT,Auto reply from the shop's cat,お店の猫の自動の返事
CHAT_MODE_SHARED,"Your partner remembers, to find jobs that fit you",あなたに合う仕事さがしのために、パートナーが覚えておくよ
CHAT_MODE_PRIVATE,Just between us: your partner keeps nothing,ふたりだけのひみつ：パートナーは何も覚えない
CHAT_CONSENT_TITLE,Before we talk,話すまえに
CHAT_CONSENT_BODY,Your partner remembers what you share to find better jobs. Your words never go to shops.,話したことは、合う仕事さがしのためにパートナーが覚えておくよ。あなたの言葉はお店に届きません。
CHAT_CONSENT_OK,OK,OK
CHAT_CONSENT_PRIVATE,Just between us,ふたりだけのひみつにする
CHAT_CONSENT_DETAILS,Details,くわしく
CHAT_MENU_PRIVATE_OFF,Just between us: Off,ふたりだけのひみつ：オフ
CHAT_MENU_PRIVATE_ON,Just between us: On,ふたりだけのひみつ：オン
シフトの日は、猫もいっしょに働いた,Worked a shift? Your Obaneko worked too.,シフトの日は、おばねこもいっしょに働いた
猫が疲れるから、がんばりすぎなくていい,"Your Obaneko gets tired, so you don't have to push.",おばねこが疲れるから、がんばりすぎなくていい
夜がふけていく,The night deepens,夜がふけていく
今夜の玉 %d 個。朝になったら、かえる,%d orbs tonight. They hatch in the morning.,今夜の玉 %d 個。朝になったら、かえる
今夜はすくわなかった。朝はすぐ来る,No scooping tonight. Morning comes soon.,今夜はすくわなかった。朝はすぐ来る
朝へ,To morning,朝へ
すくわずに、朝へ,"Skip scooping, to morning",すくわずに、朝へ
今夜のすくいは、おしまい,That's it for scooping tonight,今夜のすくいは、おしまい
島へもどる,Back to the island,島へもどる
玉は、朝になったらかえる,Orbs hatch in the morning.,玉は、朝になったらかえる
島 Lv%d,Island Lv%d,島 Lv%d
働いた日,worked today,働いた日
川べりの夜,a night at the river,川べりの夜
おはよう,Good morning,おはよう
きのうの残業で、猫はまだ少し疲れている,"After yesterday's overtime, your Obaneko is still a little tired.",きのうの残業で、おばねこはまだ少し疲れている
働いた日も休んだ日も、庭は育つ,Work days and rest days both grow the garden.,働いた日も休んだ日も、庭は育つ
島の段の札をタップで、くわしく,Tap the island level tag for details.,島の段の札をタップで、くわしく
毎日の暮らしで、庭が育つ,Everyday life grows the garden.,毎日の暮らしで、庭が育つ
休みの日も、庭はちゃんと育つ,The garden grows on rest days too.,休みの日も、庭はちゃんと育つ
川べりへ行った夜の数だけ、灯りがつく,One lantern for each night at the river.,川べりへ行った夜の数だけ、灯りがつく
川べりへ行った夜の灯りを、タップしてともそう,Tap the lanterns for your nights at the river.,川べりへ行った夜の灯りを、タップしてともそう
今週は、川べりへ行った夜がなかった…,No nights at the river this week…,今週は、川べりへ行った夜がなかった…
川べりの夜が4つあれば、満月になる,Four nights at the river make a full moon.,川べりの夜が4つあれば、満月になる
今週：新しい子 %d ・ めぐみ %d,This week: %d new · %d bloom,今週：新しい子 %d ・ めぐみ %d
満月まで：川べりの夜 %d / 4,Full moon: %d / 4 nights at the river,満月まで：川べりの夜 %d / 4
週末の休みに、だれかが来そう,Someone may visit on a weekend day off.,週末の休みに、だれかが来そう
友だちの島に、行ってみよう,Try visiting a friend's island.,友だちの島に、行ってみよう
めぐみ %d ・ 満月の夜 %d 回 ・ 星見草 %d 輪,%d bloom · %d full moons · %d star flowers,めぐみ %d ・ 満月の夜 %d 回 ・ 星見草 %d 輪
キセカエで服を着せる,Dress someone up in the Wardrobe,キセカエで服を着せる
明るいでしょ,"Bright, right?",明るいでしょ
月がきれい,Pretty moon.,月がきれい
今夜は、なにがすくえるかな,What will we scoop tonight?,今夜は、なにがすくえるかな
お茶にしよう,Tea time.,お茶にしよう
毎日の暮らしで、花がひらく,Everyday life opens the flowers.,毎日の暮らしで、花がひらく
にぎやかな夜は、数が増える,More appear on lively nights.,にぎやかな夜は、数が増える
満月の特等席。ねぶくろが先に来ていた,Best seat for the full moon. Bedroll got here first.,満月の特等席。ねぶくろが先に来ていた
星見の木が光った,The stargazer tree glows,星見の木が光った
毎日を大切にした庭にだけ育つ木,Grows only where every day is cherished.,毎日を大切にした庭にだけ育つ木
星見の木,Stargazer tree,星見の木
満月の夜の灯りに寄ってくる。提灯の中は、ほんのりあたたかい,Drawn to full-moon lights. It's warm inside the lantern.,満月の夜の灯りに寄ってくる。提灯の中は、ほんのりあたたかい
休み,Rest,休み
友だちの島に、はじめて遊びに行くと,Visit a friend's island for the first time.,友だちの島に、はじめて遊びに行くと
友だちの島におでかけすると生まれる。旅の荷物はまくらひとつ,Born when you visit a friend's island. Travels with one pillow.,友だちの島におでかけすると生まれる。旅の荷物はまくらひとつ
だれかの島に、おばけを置いてくると,Leave an obake on someone's island.,だれかの島に、おばけを置いてくると
友だちの島におばけを置いてくると生まれる。会ったことのない色をしている,Born when you leave an obake on a friend's island. A color you've never seen.,友だちの島におばけを置いてくると生まれる。会ったことのない色をしている
満月の夜が明けた、次の朝に,The morning after a full moon.,満月の夜が明けた、次の朝に
満月の夜のあとの朝に生まれる。朝焼けの色,Born the morning after a full moon. Sunrise-colored.,満月の夜のあとの朝に生まれる。朝焼けの色
また同じ店に、働きに行った日に,Work at the same shop again.,また同じ店に、働きに行った日に
前に働いた店に、もう一度入った日に生まれる。常連さんの顔をしている,Born the day you work at a shop you've worked at before. Looks like a regular.,前に働いた店に、もう一度入った日に生まれる。常連さんの顔をしている
週末に、ちゃんと休むと,Take a real day off on a weekend.,週末に、ちゃんと休むと
シフトの無い土曜か日曜に生まれる。日だまりの匂い,Born on a Saturday or Sunday with no shift. Smells like sunshine.,シフトの無い土曜か日曜に生まれる。日だまりの匂い
雨の日を、家でのんびり過ごすと,Spend a rainy day off at home.,雨の日を、家でのんびり過ごすと
雨の日の休みに生まれる。いつも落ち着いている,Born on a rainy day off. Always calm.,雨の日の休みに生まれる。いつも落ち着いている
街が静かなあいだに,While the town is quiet.,街が静かなあいだに
満月の夜を、四つ見届けると,See four full moons.,満月の夜を、四つ見届けると
満月の夜を4回むかえると生まれる。月の満ち欠けにくわしい,Born after four full-moon nights. Knows every phase of the moon.,満月の夜を4回むかえると生まれる。月の満ち欠けにくわしい
チョウチンは満月の夜に来る,Chochin comes on full-moon nights.,チョウチンは満月の夜に来る
Eye mask,Eye mask,アイマスク
Take a rest day after %s shifts,Take a rest day after %s shifts,シフト %s 回のあとに、休みの日をとる
Visit a friend's island,Visit a friend's island,友だちの島におでかけする
Meet %s kinds of obake,Meet %s kinds of obake,おばけに %s 種類会う
I'm still a little tired from yesterday. Let's go easy today.,I'm still a little tired from yesterday. Let's go easy today.,きのうの疲れが、まだ少し残ってる。今日はゆっくりね。
PREFS_WEEK,When can you work? (tap the squares),働ける時間（マスをタップ）
PREFS_WIN_S_MORNING,Morn,朝
PREFS_WIN_S_DAY,Day,昼
PREFS_WIN_S_EVENING,Eve,夕方
PREFS_WIN_S_NIGHT,Night,深夜
PREFS_WIN_HOURS,Morning 6–12 · Day 11–17 · Evening 17–22 · Night 22–5,朝 6〜12時・昼 11〜17時・夕方 17〜22時・深夜 22〜5時
JOB_LIST_TITLE,%d jobs — tap one to see more,%d 件。タップでくわしく
JOB_LIST_SAY,Which one looks good?,どれがよさそう？
JOB_LIST_LATER,Decide later,あとで決める
JOB_BACK_LIST,All jobs,一覧へ
JOB_MAP,Map,地図
%sのシフト・%d時間,%s shift · %d hours,%sのシフト・%d時間
今夜：ポイ %d 本（働いた日）,Tonight: %d nets (you worked today),今夜：ポイ %d 本（働いた日）
今夜：ポイ 1 本（休みの日）,Tonight: 1 net (rest day),今夜：ポイ 1 本（休みの日）
3つそろった！ 肉球コイン +10,All 3 done! +10 Paw Coins,3つそろった！ 肉球コイン +10
ぜんぶひらく,Open all,ぜんぶひらく
スキップ ›,Skip ›,スキップ ›
EXPAND_PILL,+ Expand,＋ ひろげる
ISLAND_RECENTER,◎ Home,◎ もどる
R2_WT_HOURS,%dh %02dm together,%d時間%02d分、いっしょに
R2_WT_COINS,+%d Paw Coins,肉球コイン +%d
R2_WT_POI,+%d poi,ポイ +%d
R2_WT_POI_DONE,Poi: today's already given,ポイ：今日の分はもらった
R2_WT_COINS_ZERO,Short shift: coins grow as you work.,短い勤務：コインは働くほどたまる
R2_WT_PAY_TITLE,Today's pay (estimate),今日のお給料（目安）
R2_WT_PAY_HOW,%s × %s · your registered wage,%s × %s・登録した時給から
R2_WT_PAY_NOTE,The game never handles your pay.,お給料そのものは、ゲームでは扱いません
R2_WT_PAY_NONE,No hourly wage on this shift,このシフトには時給の登録がありません
R2_WT_H,%dh %02dm,%d時間%02d分
R2_ACCEPT_PRACTICE,"Want a quick practice before your shift? (2 min, optional) ›",シフトの前に、ちょっとおさらいする？（2分・任意）›
R2_TOUR_1_TITLE,%s finds you jobs,%s が仕事を見つけてくる
R2_TOUR_1_BODY,Jobs that fit you show up here.,きみに合う仕事が、ここに届くよ。
R2_TOUR_2_TITLE,"Work a shift, get poi",働くと、ポイがもらえる
R2_TOUR_2_BODY,"Short or long, it's the same poi.",短くても長くても、もらえる数は同じ。
R2_TOUR_3_TITLE,Scoop orbs with poi,ポイで玉をすくう
R2_TOUR_3_BODY,"At night, orbs hold materials and clothes.",夜の玉から、材料や服が出てくる。
R2_TOUR_4_TITLE,Grow your island,島を育てよう
R2_TOUR_4_BODY,Materials and Paw Coins make it grow.,材料と肉球コインで、広げて飾ろう。
R2_DAY,%s %d/%d,%s %d/%d
R2_TODAY,Today,今日
R2_DAY_JOBS,%d jobs,%d 件
R2_DAY_NONE,No jobs this day. Swipe or tap › for the next day.,この日の仕事はありません。スワイプか › で次の日へ
R2_DAY_SWIPE,Swipe or tap ‹ › to change the day,スワイプか ‹ › で、曜日を送る
R2_SHIFT_NONE,No shift this day,この日のシフトはありません
R2_WORK_MENU_JOBS,Job suggestions,求人を見る
R2_DAY_JOBS_1,1 job,1 件
R2_TALK_HI,What's up?,どうしたの？
R2_RAFT_TITLE,Where to?,どこへ行く？
R2_RAFT_FRIENDS,Visit a friend's island,友だちの島へ
R2_RAFT_FRIENDS_NONE,No friends' islands yet. Ask a friend for their island code.,まだ友だちの島はありません。島のコードを教えてもらおう。
R2_RAFT_ISLAND,%s's island · Lv%d,%sの島・Lv%d
R2_RAFT_CODE,Enter a code,コードを入れる
R2_RAFT_CODE_HINT,Paste an island code or link,島のコードかリンクを貼る
R2_RAFT_GO,Go,行く
R2_RAFT_BAD,That code didn't work. Check it and try again.,そのコードは読めませんでした。たしかめてもう一度。
R2_RAFT_SHOPS,Visit a shop island,お店の島へ
R2_HELP_GAMES,Help-out mini games ›,おてつだいミニゲーム ›
R2_HELP_TITLE,Help-out mini games,おてつだいミニゲーム
R2_HELP_BODY,Just for fun: the practice games from My skills. Clear one to earn its badge.,遊びでどうぞ。マイスキルのおさらいと同じミニゲーム。クリアでバッジがもらえる。
EXPAND_READY,"You have enough materials. Tap ""+ Expand"".",材料がそろった。「＋ ひろげる」から
川べりは、夕方 5 時から,The river opens at 5 p.m.,川べりは、夕方 5 時から
今日の仕事は、おしまい,Work's done for today,今日の仕事は、おしまい
Your cat is at work too. See you after your shift!,Your Obaneko is at work too. See you after your shift!,おばねこもいっしょに働いてるよ。シフトのあとでね！
Message the shop,Message the shop,お店に連絡
Whoa… a rare one!,Whoa… a rare one!,わっ…レアな子だ！
DEMO3_BUTTON,3-minute demo,3分デモ
DEMO3_CHIP,3-min demo · %d/%d · %ds,3分デモ · %d/%d · %d秒
DEMO3_FINAL_TITLE,That's a day with Paw Time,これが Paw Time の一日
DEMO3_FINAL_BODY,"You took a job, your Obaneko stopped the shift when it got tired, you left a quick review, and a rare cat hatched overnight (%d s). Every step also sent an anonymous event to the Recruit view.",仕事を受けて、疲れたらおばねこがシフトを止めて、ひとこと評価をして、夜のあいだにレアな猫がかえった（%d 秒）。どの場面も、匿名のイベントとして Recruit の画面に届いています。
DEMO3_RECRUIT,See the Recruit view,Recruit の見え方を見る
DEMO3_KEEP,Keep playing,このまま遊ぶ
TELEMETRY_NOTICE,"Paw Time sends anonymous usage (like “job accepted” or “Obaneko stopped a shift”) to improve the game and show overall numbers. No names, no location, no messages. You can turn it off anytime in My page.",Paw Time は、ゲームの改善と全体の数字の表示のために、匿名の利用状況（「仕事を受けた」「おばねこがシフトを止めた」など）を送ります。名前・位置・メッセージは送りません。マイページでいつでもオフにできます。
TELEMETRY_NOTICE_OK,OK,OK
TELEMETRY_NOTICE_MORE,Privacy notice,プライバシーについて
TELEMETRY_TOGGLE,Share anonymous usage,匿名の利用データを送る
TELEMETRY_TOGGLE_HINT,Helps us improve Paw Time. No names or location.,Paw Time の改善に使います。名前や位置は送りません。
TELEMETRY_ID,Your usage ID: %s,利用データのID: %s
TELEMETRY_DELETE,Delete my usage data,利用データを削除
TELEMETRY_DELETED,Deleted. A new ID was created.,削除しました。新しいIDを作りました。
SETTINGS_TITLE,My page,マイページ
SETTINGS_NAME,Your partner's name,パートナーの名前
SETTINGS_NAME_SAVE,Save,保存
SETTINGS_SAVED,Saved.,保存しました。
SETTINGS_LANG,Language,言語
SETTINGS_CHAT,Chat with your partner,パートナーとのチャット
SETTINGS_CHAT_REMEMBER,Remember,覚えてOK
SETTINGS_CHAT_HINT,Remember: your partner uses what you share to find better jobs. Just between us: it remembers nothing and sends nothing.,覚えてOK：話したことを、合う仕事さがしに使います。ふたりだけのひみつ：何も覚えず、どこにも送りません。
SETTINGS_PRIVACY,Privacy,プライバシー
SETTINGS_PRIVACY_CHAT,Chat,チャット
SETTINGS_PRIVACY_USAGE,Usage data,利用データ
PRIVACY_CHAT,"Your partner remembers what you share to find jobs that fit you. Shops never see your words — only anonymous totals when 5+ workers say the same, or things you choose to tell them.",パートナーは、あなたに合う仕事をさがすために、話してくれたことを覚えておきます。お店にあなたの言葉が見えることはありません。見えるのは、同じ声が5人以上そろったときの名前のない合計か、あなたが伝えると決めたことだけです。
SETTINGS_RESET,Start over,はじめからやり直す
SETTINGS_RESET_Q,Start over?,はじめからにする？
SETTINGS_RESET_BODY,"Erases your partner, island, obake, shifts and chats on this device. Your language and usage-data choice stay.",この端末のパートナー・島・おばけ・シフト・チャットを消します。言語と利用データの設定は残ります。
SETTINGS_RESET_YES,Erase and start over,消してやり直す
SETTINGS_CANCEL,Cancel,やめる
DEMO3_CONFIRM_TITLE,Start the 3-minute demo?,3分デモをはじめる？
DEMO3_CONFIRM_BODY,Your garden and Book will be replaced by the demo's.,いまの庭と図鑑は、デモのものに置きかわります
R3_OVERLAP_TITLE,Time clash,時間がかぶってるよ
R3_OVERLAP_BODY,This overlaps with %s — you can't take both.,%s と時間が重なるから、両方は受けられないよ。
R3_OVERLAP_SAY,You already have a shift then!,その時間は、もうシフトがあるよ！
R3_SEE_MY_SHIFTS,See it in My shifts ›,マイシフトで見る ›
R3_IN_MY_SHIFTS,It's in My shifts now (the calendar in the app).,アプリの中のカレンダー「マイシフト」に入ったよ。
R3_SHIFT_NOW,Working now,いま勤務中
R3_SHIFT_MANUAL,A shift you added yourself,自分で入れたシフト
R3_SHIFT_CANCEL,Cancel this shift,このシフトを取り消す
R3_SHIFT_CANCEL_SURE,Tap again to cancel it,もう一度押すと取り消します
R3_TAGLINE,Let's work together,いっしょにはたらこう
SHOP_JOBS_BTN,Open jobs here (%d) ›,いまの募集（%d 件）›
SHOP_JOBS_TITLE,Open jobs here,このお店のいまの募集
SHOP_JOBS_NOTE,Tap one to see it and take it. Sample listings.,押すと、くわしく見て受けられます。見本の求人です。
R3_NEW,NEW,あたらしい
R3_NEW_TAG,NEW %s,新入り %s
R3_DEMO_CHIP,Demo,デモ
R3_MUSIC,Music,音楽
R3_SEP, · ,・
R3_FOUND_TITLE_1,%s found a job!,%s が 1 件みつけた！
R3_NOTE_DAILY_1,%s brought a job today,%s が今日の仕事を 1 件もってきた
R3_JOB_LIST_TITLE_1,1 job — tap it to see more,1 件。タップでくわしく
R3_SHIFT_LABEL,%s %s (%s),%s %s（%s）
HUD_TAB_ISLAND,Island,島
HUD_TAB_JOBS,Jobs,しごと
HUD_TAB_SCOOP,Scoop,すくう
HUD_TAB_CLOSET,Closet,キセカエ
HUD_TAB_BOOK,Book,図鑑
HUD_SCOOP_CHIP,5 PM,17時
HUD_STATUS,%s · Lv %d,%s曜日・Lv%d
HUD_WEEK,Week %d,%d週目
HUD_COACH_GOALS,Goals,めあて
HUD_COACH_TALK,Talk,話す
HUD_COACH_ME,My page,マイページ
HUD_COACH_EDIT,Edit island,島をつくる
HUD_GO_WORK,Go to work,仕事に行く
HUD_GO_SCOOP,Go scoop,すくいに行く
すくうタブから、いつでも川べりへ,Scoop any time from the Scoop tab,すくうタブから、いつでも川べりへ
